/*
SQLyog 企业版 - MySQL GUI v8.14 
MySQL - 5.5.15 : Database - smms
*********************************************************************
*/

/*!40101 SET NAMES utf8 */;

/*!40101 SET SQL_MODE=''*/;

/*!40014 SET @OLD_UNIQUE_CHECKS=@@UNIQUE_CHECKS, UNIQUE_CHECKS=0 */;
/*!40014 SET @OLD_FOREIGN_KEY_CHECKS=@@FOREIGN_KEY_CHECKS, FOREIGN_KEY_CHECKS=0 */;
/*!40101 SET @OLD_SQL_MODE=@@SQL_MODE, SQL_MODE='NO_AUTO_VALUE_ON_ZERO' */;
/*!40111 SET @OLD_SQL_NOTES=@@SQL_NOTES, SQL_NOTES=0 */;
CREATE DATABASE /*!32312 IF NOT EXISTS*/`smms` /*!40100 DEFAULT CHARACTER SET utf8 */;

USE `smms`;

/*Table structure for table `t_department` */

DROP TABLE IF EXISTS `t_department`;

CREATE TABLE `t_department` (
  `id` int(11) NOT NULL AUTO_INCREMENT,
  `departname` varchar(50) NOT NULL COMMENT '部门名称',
  `departshortname` varchar(10) DEFAULT NULL COMMENT '系部名称缩写',
  `departtype` tinyint(1) NOT NULL COMMENT '部门类型：true表示有学生，false表示无学生',
  PRIMARY KEY (`id`)
) ENGINE=InnoDB AUTO_INCREMENT=16 DEFAULT CHARSET=utf8 COMMENT='参赛部门表';

/*Data for the table `t_department` */

insert  into `t_department`(`id`,`departname`,`departshortname`,`departtype`) values (1,'思想政治与公共体育教学部','政体部',0),(2,'计算机技术系','计算机系',1),(3,'材料工程系','材料系',1),(4,'机电工程系','机电系',1),(5,'后勤管理集团','后勤分会',0),(6,'建筑工程系','建工系',1),(7,'工商管理与贸易系','工贸系',1),(8,'环境与化学工程系','环化系',1),(9,'信息工程与自动化系','自动化系',1),(11,'基础教学部','基础部',0),(12,'机关一分会','机关一',0),(13,'机关二分会','机关二',0),(14,'机关三分会','机关三',0),(15,'机关四分会','机关四',0);

/*Table structure for table `t_fieldjudge` */

DROP TABLE IF EXISTS `t_fieldjudge`;

CREATE TABLE `t_fieldjudge` (
  `id` int(11) NOT NULL AUTO_INCREMENT,
  `gp2itid` int(11) NOT NULL COMMENT 'group2item表的id',
  `judge_1` varchar(20) DEFAULT NULL COMMENT '裁判长',
  `judge_2` varchar(20) DEFAULT NULL COMMENT '裁判长助理',
  `judge_3` text COMMENT '裁判员',
  PRIMARY KEY (`id`)
) ENGINE=InnoDB AUTO_INCREMENT=7 DEFAULT CHARSET=utf8 COMMENT='田赛裁判表';

/*Data for the table `t_fieldjudge` */

insert  into `t_fieldjudge`(`id`,`gp2itid`,`judge_1`,`judge_2`,`judge_3`) values (1,783,'白朝霞,赵艳丽','韩鑫鹏','车洪星,付林涛,李旭峰,张长松'),(2,811,'聂军峰','高金宝','刘学朴,李扬,薛贵春,张亚飞'),(3,819,'商卫红','韩鑫鹏','周伦,段江旭,周世安,李铁连'),(4,823,'梁海建','韩鑫鹏','刘鑫,王聪,刘壮壮,张雷'),(5,827,'闫焱','韩鑫鹏','曹永发,纪群,汪永开,丁岩'),(6,816,'白朝霞,赵艳丽','韩鑫鹏','车洪星,付林涛,李旭峰,张长松');

/*Table structure for table `t_finalitem` */

DROP TABLE IF EXISTS `t_finalitem`;

CREATE TABLE `t_finalitem` (
  `id` int(11) NOT NULL AUTO_INCREMENT,
  `gp2itid` int(11) NOT NULL COMMENT '组别与项目关系id group2item',
  `finalitemname` varchar(50) NOT NULL COMMENT '拆分后的项目名称',
  `finalitemtype` varchar(2) NOT NULL COMMENT '拆分后的项目类型：1预赛；2决赛；3预决赛',
  `date` varchar(10) DEFAULT NULL COMMENT '项目比赛日期',
  `time` varchar(5) DEFAULT NULL COMMENT '项目比赛时间',
  `groupnum` int(11) DEFAULT NULL COMMENT '分组数量',
  `promotionnum` int(11) DEFAULT NULL COMMENT '晋级数量',
  `sportsid` int(11) DEFAULT NULL COMMENT '运动会ID',
  PRIMARY KEY (`id`)
) ENGINE=InnoDB AUTO_INCREMENT=444 DEFAULT CHARSET=utf8 COMMENT='分项竞赛项目表（预赛与决赛分离后的）';

/*Data for the table `t_finalitem` */

insert  into `t_finalitem`(`id`,`gp2itid`,`finalitemname`,`finalitemtype`,`date`,`time`,`groupnum`,`promotionnum`,`sportsid`) values (296,780,'学生男子组100米预赛','1','2012-11-20','09:20',3,8,14),(297,780,'学生男子组100米决赛','2','2012-11-20','14:00',1,8,14),(298,784,'学生男子组跳远预决赛','3','2012-11-21','08:00',1,8,14),(299,788,'学生男子组110米跨栏预决赛','3','2012-11-21','08:00',1,8,14),(300,792,'学生男子组200米预决赛','3','2012-11-21','09:50',2,8,14),(301,796,'学生男子组400米预决赛','3','2012-11-20','10:45',1,8,14),(302,800,'学生男子组800米预决赛','3','2012-11-20','15:45',1,8,14),(303,804,'学生男子组1500米预决赛','3','2012-11-21','08:46',1,8,14),(304,812,'学生男子组跳高预决赛','3','2012-11-20','14:00',1,8,14),(305,816,'学生男子组三级跳远预决赛','3','2012-11-20','09:20',1,8,14),(306,820,'学生男子组铅球预决赛','3','2012-11-21','08:00',1,8,14),(307,824,'学生男子组铁饼预决赛','3','2012-11-20','09:20',1,8,14),(308,828,'学生男子组标枪预决赛','3','2012-11-20','14:00',1,8,14),(309,832,'学生男子组4*100米预决赛','3','2012-11-21','11:00',1,3,14),(310,836,'学生男子组5000米预决赛','3','2012-11-20','15:15',1,8,14),(311,840,'学生男子组4*400米预决赛','3','2012-11-20','16:40',1,3,14),(312,779,'学生女子组100米预赛','1','2012-11-20','09:50',2,8,14),(313,779,'学生女子组100米决赛','2','2012-11-20','14:10',1,8,14),(314,783,'学生女子组跳远预决赛','3','2012-11-20','14:00',1,8,14),(315,791,'学生女子组200米预决赛','3','2012-11-21','10:25',2,8,14),(316,795,'学生女子组400米预决赛','3','2012-11-20','11:15',1,8,14),(317,799,'学生女子组800米预决赛','3','2012-11-20','16:15',1,8,14),(318,803,'学生女子组1500米预决赛','3','2012-11-21','09:15',1,8,14),(319,811,'学生女子组跳高预决赛','3','2012-11-20','09:20',1,8,14),(320,819,'学生女子组铅球预决赛','3','2012-11-20','09:20',1,8,14),(321,823,'学生女子组铁饼预决赛','3','2012-11-21','08:00',1,8,14),(322,827,'学生女子组标枪预决赛','3','2012-11-21','08:00',1,8,14),(323,831,'学生女子组4*100米预决赛','3','2012-11-21','11:10',1,3,14),(324,839,'学生女子组4*400米预决赛','3','2012-11-20','17:05',1,3,14),(325,847,'学生女子组3000米预决赛','3','2012-11-20','10:15',1,8,14),(326,851,'学生女子组100米跨栏预决赛','3','2012-11-21','08:30',1,8,14),(327,782,'教工男子组100米预决赛','3','2012-11-20','14:20',3,8,14),(328,822,'教工男子组铅球预决赛','3','2012-11-20','15:00',1,8,14),(329,826,'教工男子组铁饼预决赛','3','2012-11-20','14:00',1,8,14),(330,830,'教工男子组标枪预决赛','3','2012-11-20','09:20',1,8,14),(331,781,'教工女子组100米预决赛','3','2012-11-20','14:40',3,8,14),(332,821,'教工女子组铅球预决赛','3','2012-11-20','14:00',1,8,14),(333,825,'教工女子组铁饼预决赛','3','2012-11-20','15:00',1,8,14),(334,829,'教工女子组标枪预决赛','3','2012-11-20','10:20',1,8,14),(395,856,'学生男子组100米预赛','1',NULL,NULL,2,NULL,15),(396,856,'学生男子组100米决赛','2',NULL,NULL,NULL,NULL,15),(397,860,'学生男子组跳远预决赛','3',NULL,NULL,NULL,NULL,15),(398,864,'学生男子组110米跨栏预赛','1',NULL,NULL,0,NULL,15),(399,864,'学生男子组110米跨栏决赛','2',NULL,NULL,NULL,NULL,15),(400,868,'学生男子组200米预赛','1',NULL,NULL,0,NULL,15),(401,868,'学生男子组200米决赛','2',NULL,NULL,NULL,NULL,15),(402,872,'学生男子组400米预决赛','3',NULL,NULL,0,NULL,15),(403,876,'学生男子组800米预决赛','3',NULL,NULL,0,NULL,15),(404,880,'学生男子组1500米预决赛','3',NULL,NULL,0,NULL,15),(405,884,'学生男子组400米栏预决赛','3',NULL,NULL,1,NULL,15),(406,888,'学生男子组跳高预决赛','3',NULL,NULL,NULL,NULL,15),(407,892,'学生男子组三级跳远预决赛','3',NULL,NULL,NULL,NULL,15),(408,896,'学生男子组铅球预决赛','3',NULL,NULL,NULL,NULL,15),(409,900,'学生男子组铁饼预决赛','3',NULL,NULL,NULL,NULL,15),(410,904,'学生男子组标枪预决赛','3',NULL,NULL,NULL,NULL,15),(411,908,'学生男子组4×100米预决赛','3',NULL,NULL,1,NULL,15),(412,912,'学生男子组5000米预决赛','3',NULL,NULL,0,NULL,15),(413,916,'学生男子组4×400米预决赛','3',NULL,NULL,1,NULL,15),(414,920,'学生男子组立定跳远预决赛','3',NULL,NULL,NULL,NULL,15),(415,855,'学生女子组100米预赛','1',NULL,NULL,0,NULL,15),(416,855,'学生女子组100米决赛','2',NULL,NULL,NULL,NULL,15),(417,859,'学生女子组跳远预决赛','3',NULL,NULL,NULL,NULL,15),(418,867,'学生女子组200米预赛','1',NULL,NULL,1,NULL,15),(419,867,'学生女子组200米决赛','2',NULL,NULL,NULL,NULL,15),(420,871,'学生女子组400米预决赛','3',NULL,NULL,0,NULL,15),(421,875,'学生女子组800米预决赛','3',NULL,NULL,0,NULL,15),(422,879,'学生女子组1500米预决赛','3',NULL,NULL,1,NULL,15),(423,883,'学生女子组400米栏预决赛','3',NULL,NULL,0,NULL,15),(424,887,'学生女子组跳高预决赛','3',NULL,NULL,NULL,NULL,15),(425,891,'学生女子组三级跳远预决赛','3',NULL,NULL,NULL,NULL,15),(426,895,'学生女子组铅球预决赛','3',NULL,NULL,NULL,NULL,15),(427,899,'学生女子组铁饼预决赛','3',NULL,NULL,NULL,NULL,15),(428,903,'学生女子组标枪预决赛','3',NULL,NULL,NULL,NULL,15),(429,907,'学生女子组4×100米预决赛','3',NULL,NULL,1,NULL,15),(430,915,'学生女子组4×400米预决赛','3',NULL,NULL,1,NULL,15),(431,919,'学生女子组立定跳远预决赛','3',NULL,NULL,NULL,NULL,15),(432,923,'学生女子组3000米预决赛','3',NULL,NULL,1,NULL,15),(433,927,'学生女子组100米跨栏预决赛','3',NULL,NULL,1,NULL,15),(434,857,'教工女子组100米预赛','1',NULL,NULL,0,NULL,15),(435,857,'教工女子组100米决赛','2',NULL,NULL,NULL,NULL,15),(436,861,'教工女子组跳远预决赛','3',NULL,NULL,NULL,NULL,15),(437,869,'教工女子组200米预赛','1',NULL,NULL,0,NULL,15),(438,869,'教工女子组200米决赛','2',NULL,NULL,NULL,NULL,15),(439,873,'教工女子组400米预决赛','3',NULL,NULL,0,NULL,15),(440,877,'教工女子组800米预决赛','3',NULL,NULL,0,NULL,15),(441,881,'教工女子组1500米预决赛','3',NULL,NULL,0,NULL,15),(442,897,'教工女子组铅球预决赛','3',NULL,NULL,NULL,NULL,15),(443,913,'教工女子组5000米预决赛','3',NULL,NULL,0,NULL,15);

/*Table structure for table `t_group` */

DROP TABLE IF EXISTS `t_group`;

CREATE TABLE `t_group` (
  `id` int(11) NOT NULL AUTO_INCREMENT,
  `groupname` varchar(50) NOT NULL COMMENT '组别名称：如学生男、教工老年男',
  `grouptype` tinyint(1) NOT NULL COMMENT '组别类型：true学生，false教工',
  `groupsex` tinyint(3) DEFAULT NULL COMMENT '组别的性别类型true男；false女',
  PRIMARY KEY (`id`)
) ENGINE=InnoDB AUTO_INCREMENT=16 DEFAULT CHARSET=utf8 COMMENT='组别表';

/*Data for the table `t_group` */

insert  into `t_group`(`id`,`groupname`,`grouptype`,`groupsex`) values (11,'学生男子组',1,1),(12,'学生女子组',1,0),(14,'教工女子组',0,0),(15,'教工男子组',1,1);

/*Table structure for table `t_group2item` */

DROP TABLE IF EXISTS `t_group2item`;

CREATE TABLE `t_group2item` (
  `id` int(11) NOT NULL AUTO_INCREMENT,
  `gp2spid` int(11) NOT NULL COMMENT '组别与运动会关系group2sports id',
  `itemid` int(11) NOT NULL COMMENT '项目id',
  `matchtype` varchar(1) NOT NULL COMMENT '比赛类型：1预决赛；2预赛+决赛；3之后留作扩展',
  PRIMARY KEY (`id`)
) ENGINE=InnoDB AUTO_INCREMENT=931 DEFAULT CHARSET=utf8 COMMENT='分组与项目对应关系表';

/*Data for the table `t_group2item` */

insert  into `t_group2item`(`id`,`gp2spid`,`itemid`,`matchtype`) values (779,38,1,'2'),(780,39,1,'2'),(781,40,1,'1'),(782,41,1,'1'),(783,38,2,'1'),(784,39,2,'1'),(785,40,2,'0'),(786,41,2,'0'),(787,38,3,'0'),(788,39,3,'1'),(789,40,3,'0'),(790,41,3,'2'),(791,38,4,'1'),(792,39,4,'1'),(793,40,4,'0'),(794,41,4,'0'),(795,38,5,'1'),(796,39,5,'1'),(797,40,5,'0'),(798,41,5,'0'),(799,38,6,'1'),(800,39,6,'1'),(801,40,6,'0'),(802,41,6,'0'),(803,38,7,'1'),(804,39,7,'1'),(805,40,7,'0'),(806,41,7,'0'),(807,38,8,'0'),(808,39,8,'0'),(809,40,8,'0'),(810,41,8,'0'),(811,38,9,'1'),(812,39,9,'1'),(813,40,9,'0'),(814,41,9,'0'),(815,38,10,'0'),(816,39,10,'1'),(817,40,10,'0'),(818,41,10,'0'),(819,38,11,'1'),(820,39,11,'1'),(821,40,11,'1'),(822,41,11,'1'),(823,38,12,'1'),(824,39,12,'1'),(825,40,12,'1'),(826,41,12,'1'),(827,38,13,'1'),(828,39,13,'1'),(829,40,13,'1'),(830,41,13,'1'),(831,38,14,'1'),(832,39,14,'1'),(833,40,14,'0'),(834,41,14,'0'),(835,38,15,'0'),(836,39,15,'1'),(837,40,15,'0'),(838,41,15,'0'),(839,38,16,'1'),(840,39,16,'1'),(841,40,16,'0'),(842,41,16,'0'),(843,38,17,'0'),(844,39,17,'0'),(845,40,17,'0'),(846,41,17,'0'),(847,38,18,'1'),(848,39,18,'0'),(849,40,18,'0'),(850,41,18,'0'),(851,38,19,'1'),(852,39,19,'0'),(853,40,19,'0'),(854,41,19,'0'),(855,42,1,'2'),(856,43,1,'2'),(857,44,1,'2'),(858,45,1,'2'),(859,42,2,'1'),(860,43,2,'1'),(861,44,2,'1'),(862,45,2,'1'),(863,42,3,'0'),(864,43,3,'2'),(865,44,3,'0'),(866,45,3,'0'),(867,42,4,'2'),(868,43,4,'2'),(869,44,4,'2'),(870,45,4,'2'),(871,42,5,'1'),(872,43,5,'1'),(873,44,5,'1'),(874,45,5,'1'),(875,42,6,'1'),(876,43,6,'1'),(877,44,6,'1'),(878,45,6,'1'),(879,42,7,'1'),(880,43,7,'1'),(881,44,7,'1'),(882,45,7,'1'),(883,42,8,'1'),(884,43,8,'1'),(885,44,8,'0'),(886,45,8,'0'),(887,42,9,'1'),(888,43,9,'1'),(889,44,9,'0'),(890,45,9,'0'),(891,42,10,'1'),(892,43,10,'1'),(893,44,10,'0'),(894,45,10,'1'),(895,42,11,'1'),(896,43,11,'1'),(897,44,11,'1'),(898,45,11,'0'),(899,42,12,'1'),(900,43,12,'1'),(901,44,12,'0'),(902,45,12,'1'),(903,42,13,'1'),(904,43,13,'1'),(905,44,13,'0'),(906,45,13,'0'),(907,42,14,'1'),(908,43,14,'1'),(909,44,14,'0'),(910,45,14,'0'),(911,42,15,'0'),(912,43,15,'1'),(913,44,15,'1'),(914,45,15,'1'),(915,42,16,'1'),(916,43,16,'1'),(917,44,16,'0'),(918,45,16,'0'),(919,42,17,'1'),(920,43,17,'1'),(921,44,17,'0'),(922,45,17,'0'),(923,42,18,'1'),(924,43,18,'0'),(925,44,18,'0'),(926,45,18,'0'),(927,42,19,'1'),(928,43,19,'0'),(929,44,19,'0'),(930,45,19,'0');

/*Table structure for table `t_group2sports` */

DROP TABLE IF EXISTS `t_group2sports`;

CREATE TABLE `t_group2sports` (
  `id` int(11) NOT NULL AUTO_INCREMENT,
  `sportsid` int(11) NOT NULL COMMENT '运动会id',
  `groupid` int(11) NOT NULL,
  PRIMARY KEY (`id`)
) ENGINE=InnoDB AUTO_INCREMENT=48 DEFAULT CHARSET=utf8 COMMENT='组别与运动会关系表';

/*Data for the table `t_group2sports` */

insert  into `t_group2sports`(`id`,`sportsid`,`groupid`) values (38,14,12),(39,14,11),(40,14,14),(41,14,13),(42,15,12),(43,15,11),(44,15,14),(47,15,13);

/*Table structure for table `t_item` */

DROP TABLE IF EXISTS `t_item`;

CREATE TABLE `t_item` (
  `id` int(11) NOT NULL AUTO_INCREMENT,
  `itemname` varchar(50) NOT NULL COMMENT '项目名称',
  `itemtype` varchar(1) NOT NULL COMMENT '项目类型：1径赛；2田赛；3接力',
  `scoreformatid` int(11) DEFAULT NULL COMMENT '成绩格式ID',
  PRIMARY KEY (`id`)
) ENGINE=InnoDB AUTO_INCREMENT=20 DEFAULT CHARSET=utf8 COMMENT='项目表';

/*Data for the table `t_item` */

insert  into `t_item`(`id`,`itemname`,`itemtype`,`scoreformatid`) values (1,'100米','1',1),(2,'跳远','2',5),(3,'110米跨栏','1',1),(4,'200米','1',1),(5,'400米','1',2),(6,'800米','1',3),(7,'1500米','1',3),(8,'400米栏','1',2),(9,'跳高','2',4),(10,'三级跳远','2',4),(11,'铅球','2',4),(12,'铁饼','2',7),(13,'标枪','2',7),(14,'4×100米','3',2),(15,'5000米','1',3),(16,'4×400米','3',3),(17,'立定跳远','2',4),(18,'3000米','1',3),(19,'100米跨栏','1',1);

/*Table structure for table `t_mark` */

DROP TABLE IF EXISTS `t_mark`;

CREATE TABLE `t_mark` (
  `id` int(11) NOT NULL AUTO_INCREMENT,
  `sp2dpid` int(11) NOT NULL COMMENT '运动会与部门关系表id',
  `stusum` int(11) DEFAULT NULL COMMENT '学生总分',
  `teasum` int(11) DEFAULT NULL COMMENT '教工总分',
  PRIMARY KEY (`id`)
) ENGINE=InnoDB AUTO_INCREMENT=35 DEFAULT CHARSET=utf8 COMMENT='积分表';

/*Data for the table `t_mark` */

insert  into `t_mark`(`id`,`sp2dpid`,`stusum`,`teasum`) values (33,59,0,NULL),(34,60,8,NULL);

/*Table structure for table `t_match` */

DROP TABLE IF EXISTS `t_match`;

CREATE TABLE `t_match` (
  `id` int(11) NOT NULL AUTO_INCREMENT,
  `finalitemid` int(11) NOT NULL COMMENT '拆分后组别id',
  `teamnum` int(11) DEFAULT NULL COMMENT '第几小组',
  `runway` int(11) DEFAULT NULL COMMENT '跑道号',
  `playerid` int(11) DEFAULT NULL COMMENT '当比赛是正常项目时，是运动员id；当比赛是接力赛时，存放的是departid',
  `score` varchar(50) DEFAULT NULL,
  `foul` tinyint(1) DEFAULT NULL COMMENT '是否犯规违纪：true违纪；false正常状态',
  `recordlevel` int(11) NOT NULL DEFAULT '2' COMMENT '记录级别：0院级；1省级；2未破',
  PRIMARY KEY (`id`)
) ENGINE=InnoDB AUTO_INCREMENT=2731 DEFAULT CHARSET=utf8 COMMENT='竞赛表（赛道分组）';

/*Data for the table `t_match` */

insert  into `t_match`(`id`,`finalitemid`,`teamnum`,`runway`,`playerid`,`score`,`foul`,`recordlevel`) values (2246,335,1,1,1551,'23.45',NULL,2),(2247,335,1,2,1552,'12.43',NULL,2),(2248,335,1,3,1255,'45.67',NULL,2),(2249,335,1,4,1256,'32.45',NULL,2),(2250,335,1,5,1553,'11.11',NULL,2),(2251,335,1,6,1257,'56.34',NULL,2),(2252,335,2,1,1253,'23.34',NULL,2),(2253,335,2,2,1254,'56.21',NULL,2),(2254,335,2,3,1556,'42.44',NULL,2),(2255,335,2,4,1251,'34.01',NULL,2),(2256,335,2,5,1555,'34.55',NULL,2),(2257,335,2,6,1554,'36.77',NULL,2),(2258,374,1,1,1503,NULL,NULL,2),(2259,374,1,2,1807,NULL,NULL,2),(2260,374,1,3,1809,NULL,NULL,2),(2261,374,1,4,1504,NULL,NULL,2),(2262,374,1,5,1505,NULL,NULL,2),(2263,374,1,6,1506,NULL,NULL,2),(2264,374,1,7,1507,NULL,NULL,2),(2265,374,1,8,1502,NULL,NULL,2),(2266,358,1,1,1252,NULL,NULL,2),(2267,377,1,1,1523,NULL,NULL,2),(2268,377,1,2,1519,NULL,NULL,2),(2269,379,1,1,1522,NULL,NULL,2),(2270,379,1,2,1810,NULL,NULL,2),(2271,379,1,3,1501,NULL,NULL,2),(2272,380,1,1,1521,NULL,NULL,2),(2273,380,1,2,1518,NULL,NULL,2),(2274,362,1,1,1252,NULL,NULL,2),(2275,381,1,1,1811,NULL,NULL,2),(2276,381,1,2,1813,NULL,NULL,2),(2277,381,1,3,1814,NULL,NULL,2),(2278,381,1,4,1815,NULL,NULL,2),(2279,381,1,5,1812,NULL,NULL,2),(2280,381,1,6,1520,NULL,NULL,2),(2281,345,1,1,1253,NULL,NULL,2),(2282,384,1,1,1813,NULL,NULL,2),(2283,384,1,2,1815,NULL,NULL,2),(2284,384,1,3,1812,NULL,NULL,2),(2285,384,1,4,1515,NULL,NULL,2),(2286,384,1,5,1514,NULL,NULL,2),(2287,384,1,6,1814,NULL,NULL,2),(2288,384,1,7,1811,NULL,NULL,2),(2289,384,1,8,1513,NULL,NULL,2),(2290,372,1,1,1565,NULL,NULL,2),(2291,372,1,2,1563,NULL,NULL,2),(2292,372,1,3,1566,NULL,NULL,2),(2293,372,1,4,1561,NULL,NULL,2),(2294,372,1,5,1562,NULL,NULL,2),(2295,372,1,6,1564,NULL,NULL,2),(2296,373,1,1,1567,NULL,NULL,2),(2297,373,1,2,1569,NULL,NULL,2),(2298,373,1,3,1570,NULL,NULL,2),(2299,373,1,4,1571,NULL,NULL,2),(2300,373,1,5,1568,NULL,NULL,2),(2301,337,1,NULL,1259,NULL,NULL,2),(2302,337,1,NULL,1258,NULL,NULL,2),(2303,337,1,NULL,1555,NULL,NULL,2),(2304,337,1,NULL,1553,NULL,NULL,2),(2305,337,1,NULL,1551,NULL,NULL,2),(2306,337,1,NULL,1251,NULL,NULL,2),(2307,337,1,NULL,1554,NULL,NULL,2),(2308,337,1,NULL,1260,NULL,NULL,2),(2309,337,1,NULL,1254,NULL,NULL,2),(2310,337,1,NULL,1552,NULL,NULL,2),(2311,387,1,NULL,1806,NULL,NULL,2),(2312,387,1,NULL,1508,NULL,NULL,2),(2313,376,1,NULL,1808,NULL,NULL,2),(2314,376,1,NULL,1516,NULL,NULL,2),(2315,376,1,NULL,1805,NULL,NULL,2),(2316,376,1,NULL,1517,NULL,NULL,2),(2317,376,1,NULL,1803,NULL,NULL,2),(2318,376,1,NULL,1513,NULL,NULL,2),(2319,376,1,NULL,1801,NULL,NULL,2),(2320,376,1,NULL,1512,NULL,NULL,2),(2321,376,1,NULL,1802,NULL,NULL,2),(2322,376,1,NULL,1804,NULL,NULL,2),(2323,376,1,NULL,1509,NULL,NULL,2),(2324,376,1,NULL,1511,NULL,NULL,2),(2325,347,1,NULL,1559,NULL,NULL,2),(2326,382,1,NULL,1509,NULL,NULL,2),(2327,382,1,NULL,1512,NULL,NULL,2),(2328,382,1,NULL,1511,NULL,NULL,2),(2329,382,1,NULL,1510,NULL,NULL,2),(2330,349,1,NULL,1560,NULL,NULL,2),(2331,349,1,NULL,1559,NULL,NULL,2),(2332,350,1,NULL,1560,NULL,NULL,2),(2333,371,1,NULL,1558,NULL,NULL,2),(2334,371,1,NULL,1557,NULL,NULL,2),(2335,369,1,1,4,NULL,NULL,2),(2336,369,1,2,2,NULL,NULL,2),(2337,369,1,3,8,NULL,NULL,2),(2338,369,1,4,9,NULL,NULL,2),(2339,369,1,5,6,NULL,NULL,2),(2340,369,1,6,7,NULL,NULL,2),(2341,369,1,7,3,NULL,NULL,2),(2342,351,1,1,8,NULL,NULL,2),(2343,351,1,2,3,NULL,NULL,2),(2344,351,1,3,4,NULL,NULL,2),(2345,351,1,4,7,NULL,NULL,2),(2346,351,1,5,9,NULL,NULL,2),(2347,351,1,6,6,NULL,NULL,2),(2348,351,1,7,2,NULL,NULL,2),(2349,370,1,1,3,NULL,NULL,2),(2350,370,1,2,6,NULL,NULL,2),(2351,370,1,3,2,NULL,NULL,2),(2352,370,1,4,8,NULL,NULL,2),(2353,370,1,5,4,NULL,NULL,2),(2354,370,1,6,9,NULL,NULL,2),(2355,370,1,7,7,NULL,NULL,2),(2356,353,1,1,8,NULL,NULL,2),(2357,353,1,2,6,NULL,NULL,2),(2358,353,1,3,2,NULL,NULL,2),(2359,353,1,4,9,NULL,NULL,2),(2360,353,1,5,7,NULL,NULL,2),(2361,353,1,6,4,NULL,NULL,2),(2362,353,1,7,3,NULL,NULL,2),(2459,336,1,5,1257,NULL,NULL,2),(2460,336,1,4,1254,NULL,NULL,2),(2461,336,1,6,1255,NULL,NULL,2),(2462,336,1,3,1556,NULL,NULL,2),(2463,336,1,7,1554,NULL,NULL,2),(2464,336,1,2,1555,NULL,NULL,2),(2465,336,1,8,1251,NULL,NULL,2),(2466,336,1,1,1256,NULL,NULL,2),(2635,395,1,1,1553,'11.11',NULL,2),(2636,395,1,2,1257,'12.22',NULL,2),(2637,395,1,3,1552,'13.44',NULL,2),(2638,395,1,4,1551,'23.45',NULL,2),(2639,395,1,5,1256,'56.77',NULL,2),(2640,395,1,6,1255,'34.21',NULL,2),(2641,395,2,1,1555,'43.55',NULL,2),(2642,395,2,2,1253,'41.33',NULL,2),(2643,395,2,3,1554,'54.23',NULL,2),(2644,395,2,4,1251,'41.76',NULL,2),(2645,395,2,5,1254,'10.22',NULL,2),(2646,395,2,6,1556,'10.00',NULL,2),(2647,418,1,1,1252,NULL,NULL,2),(2648,422,1,1,1252,NULL,NULL,2),(2649,405,1,1,1253,NULL,NULL,2),(2650,432,1,1,1561,NULL,NULL,2),(2651,432,1,2,1563,NULL,NULL,2),(2652,432,1,3,1562,NULL,NULL,2),(2653,432,1,4,1565,NULL,NULL,2),(2654,432,1,5,1564,NULL,NULL,2),(2655,432,1,6,1566,NULL,NULL,2),(2656,433,1,1,1567,NULL,NULL,2),(2657,433,1,2,1569,NULL,NULL,2),(2658,433,1,3,1571,NULL,NULL,2),(2659,433,1,4,1570,NULL,NULL,2),(2660,433,1,5,1568,NULL,NULL,2),(2661,397,1,NULL,1260,NULL,NULL,2),(2662,397,1,NULL,1555,NULL,NULL,2),(2663,397,1,NULL,1553,NULL,NULL,2),(2664,397,1,NULL,1259,NULL,NULL,2),(2665,397,1,NULL,1552,NULL,NULL,2),(2666,397,1,NULL,1254,NULL,NULL,2),(2667,397,1,NULL,1551,NULL,NULL,2),(2668,397,1,NULL,1258,NULL,NULL,2),(2669,397,1,NULL,1554,NULL,NULL,2),(2670,397,1,NULL,1251,NULL,NULL,2),(2671,436,1,NULL,1508,NULL,NULL,2),(2672,436,1,NULL,1806,NULL,NULL,2),(2673,407,1,NULL,1559,NULL,NULL,2),(2674,409,1,NULL,1560,NULL,NULL,2),(2675,409,1,NULL,1559,NULL,NULL,2),(2676,410,1,NULL,1560,NULL,NULL,2),(2677,431,1,NULL,1558,NULL,NULL,2),(2678,431,1,NULL,1557,NULL,NULL,2),(2679,429,1,1,6,NULL,NULL,2),(2680,429,1,2,3,NULL,NULL,2),(2681,429,1,3,4,NULL,NULL,2),(2682,429,1,4,9,NULL,NULL,2),(2683,429,1,5,2,NULL,NULL,2),(2684,429,1,6,8,NULL,NULL,2),(2685,429,1,7,7,NULL,NULL,2),(2686,411,1,1,3,NULL,NULL,2),(2687,411,1,2,2,NULL,NULL,2),(2688,411,1,3,7,NULL,NULL,2),(2689,411,1,4,4,NULL,NULL,2),(2690,411,1,5,6,NULL,NULL,2),(2691,411,1,6,9,NULL,NULL,2),(2692,411,1,7,8,NULL,NULL,2),(2693,430,1,1,8,NULL,NULL,2),(2694,430,1,2,7,NULL,NULL,2),(2695,430,1,3,3,NULL,NULL,2),(2696,430,1,4,9,NULL,NULL,2),(2697,430,1,5,6,NULL,NULL,2),(2698,430,1,6,2,NULL,NULL,2),(2699,430,1,7,4,NULL,NULL,2),(2700,413,1,1,4,NULL,NULL,2),(2701,413,1,2,6,NULL,NULL,2),(2702,413,1,3,2,NULL,NULL,2),(2703,413,1,4,7,NULL,NULL,2),(2704,413,1,5,8,NULL,NULL,2),(2705,413,1,6,9,NULL,NULL,2),(2706,413,1,7,3,NULL,NULL,2),(2723,396,1,5,1556,NULL,NULL,2),(2724,396,1,4,1254,NULL,NULL,2),(2725,396,1,6,1553,NULL,NULL,2),(2726,396,1,3,1257,NULL,NULL,2),(2727,396,1,7,1552,NULL,NULL,2),(2728,396,1,2,1551,NULL,NULL,2),(2729,396,1,8,1255,NULL,NULL,2),(2730,396,1,1,1253,NULL,NULL,2);

/*Table structure for table `t_official` */

DROP TABLE IF EXISTS `t_official`;

CREATE TABLE `t_official` (
  `id` int(11) NOT NULL AUTO_INCREMENT,
  `sportsid` int(11) NOT NULL COMMENT '运动会id',
  `presidium` text COMMENT '大会主席团',
  `org_committee_1` varchar(10) DEFAULT NULL COMMENT '大会组委会-主任',
  `org_committee_2` varchar(20) DEFAULT NULL COMMENT '大会组委会-副主任',
  `org_committee_3` text COMMENT '大会组委会-委员',
  `secretariat_1` varchar(10) DEFAULT NULL COMMENT '大会秘书处-秘书长',
  `secretariat_2` varchar(10) DEFAULT NULL COMMENT '大会秘书处-副秘书长',
  `secretariat_3` varchar(20) DEFAULT NULL COMMENT '大会秘书处-会务组负责人',
  `secretariat_4` varchar(20) DEFAULT NULL COMMENT '大会秘书处-宣传组负责人',
  `secretariat_5` varchar(20) DEFAULT NULL COMMENT '大会秘书处-奖品组负责人',
  `secretariat_6` varchar(20) DEFAULT NULL COMMENT '大会秘书处-保卫组负责人',
  `secretariat_7` varchar(20) DEFAULT NULL COMMENT '大会秘书处-后勤保障组负责人',
  `arbitration` text COMMENT '仲裁委员会',
  `chiefjudge_1` varchar(10) DEFAULT NULL COMMENT '总裁判长',
  `chiefjudge_2` text COMMENT '副总裁判长',
  `trackjudge` varchar(10) DEFAULT NULL COMMENT '径赛裁判长',
  `trackjudge_rollcall_1` varchar(10) DEFAULT NULL COMMENT '检录裁判长',
  `trackjudge_rollcall_2` varchar(10) DEFAULT NULL COMMENT '检录裁判长助理',
  `trackjudge_rollcall_3` text COMMENT '检录员',
  `startingpoint_1` varchar(10) DEFAULT NULL COMMENT '起点裁判长',
  `startingpoint_2` varchar(10) DEFAULT NULL COMMENT '起点裁判长助理',
  `startingpoint_3` text COMMENT '发令员',
  `timejudge_1` varchar(10) DEFAULT NULL COMMENT '计时长',
  `timejudge_2` text COMMENT '计时员',
  `timejudge_3` varchar(20) DEFAULT NULL COMMENT '司线员',
  `endpoint_1` varchar(10) DEFAULT NULL COMMENT '终点裁判长',
  `endpoint_2` varchar(10) DEFAULT NULL COMMENT '终点裁判长助理',
  `endpoint_3` text COMMENT '终点裁判员',
  `endpoint_4` varchar(10) DEFAULT NULL COMMENT '终点记录长',
  `endpoint_5` varchar(20) DEFAULT NULL COMMENT '终点记录员',
  `fieldjudge` varchar(10) DEFAULT NULL COMMENT '田赛裁判长',
  `fieldjudge_1` varchar(10) DEFAULT NULL COMMENT '田赛总记录裁判长',
  `fieldjudge_2` text COMMENT '田赛记录员',
  `fieldjudge_3` varchar(10) DEFAULT NULL COMMENT '田赛检查长',
  `fieldjudge_4` text COMMENT '田赛检查员',
  `fieldjudge_5` text COMMENT '场地器材组长',
  `fieldjudge_6` text COMMENT '场地器材员',
  `remarks_1` text COMMENT '参加办法',
  `remarks_2` text COMMENT '竞赛说明',
  `remarks_3` text COMMENT '计分方法',
  `remarks_4` text COMMENT '其他',
  `remarks_5` text COMMENT '大会纪律',
  `openingceremony` text COMMENT '开幕式',
  `closingceremony` text,
  PRIMARY KEY (`id`)
) ENGINE=InnoDB AUTO_INCREMENT=3 DEFAULT CHARSET=utf8 COMMENT='工作人员表';

/*Data for the table `t_official` */

insert  into `t_official`(`id`,`sportsid`,`presidium`,`org_committee_1`,`org_committee_2`,`org_committee_3`,`secretariat_1`,`secretariat_2`,`secretariat_3`,`secretariat_4`,`secretariat_5`,`secretariat_6`,`secretariat_7`,`arbitration`,`chiefjudge_1`,`chiefjudge_2`,`trackjudge`,`trackjudge_rollcall_1`,`trackjudge_rollcall_2`,`trackjudge_rollcall_3`,`startingpoint_1`,`startingpoint_2`,`startingpoint_3`,`timejudge_1`,`timejudge_2`,`timejudge_3`,`endpoint_1`,`endpoint_2`,`endpoint_3`,`endpoint_4`,`endpoint_5`,`fieldjudge`,`fieldjudge_1`,`fieldjudge_2`,`fieldjudge_3`,`fieldjudge_4`,`fieldjudge_5`,`fieldjudge_6`,`remarks_1`,`remarks_2`,`remarks_3`,`remarks_4`,`remarks_5`,`openingceremony`,`closingceremony`) values (1,14,'董兆伟,贾俊礼,王建刚,李军锁,王世龙,付俊薇,赵瑞生,韩提文,赵连瑞,袁建路,祁翠琴,刘建秋,王国贞,张现林,姜彦飞,张莉,池云霞,刘少坤','付俊薇','韩提文,池云霞','赵连瑞,张福仁,赵冶,王磊,李福清,冀巧英,何红英,马永鹏,李辉,王毅,田勤称,臧胜利,黄恩德,丁洪涛,段志群','池云霞','丁洪涛','韩提文,赵连瑞','张福仁,段志群','赵冶','黄恩德','王磊,李福清','赵连瑞,丁洪涛,段志群,刘昌国,聂军峰','丁洪峰','刘长国,李金华,严焱,李锐杰','李锐杰','李洪宾','靳明鑫','王洪涛,张择机,王超鹏,李爱全','田彦杰','段亚雷','路志涛,倪克强,刘璐璐,刘建峰','孟旭红','乔向杰,李贺阳,温美超,李佳奇,胡张龙,廉森,杨少华,杨吉凯,唐亮,魏飞龙,孟德广,邵卿雨,韩志远,李彪,张永超,陈永樟','付玉龙,张开','李锐杰','封春玲','周雨,王亚辉,纪腾飞,安晓航,田林,刘炜达,闫立业,王龙帅,刘明,黄发臻,曹美佳,李文博,宁星旭,祈学苍,原一戈,张胜胜','李敬华','孙伟灿,孔星','闫焱','石宏英','李晓军,石孟,王丽娜,郑向阳','王辰','刘洪涛,陈博文,崔学波,袁明超','白怀根,王世恩,谷秋山','张康,关宇飞,李发,李鹏,刘剑楠,吴宇伦,田伟,王洪鹏,闫路,闫江涛,张雷,刘坤坤,王国雷,高亚东,张海盛','1运动会以系为单位报名,每系每个运动员限报两项(接力除外),每项每系限报6人。\n2每系限报男女各一队。\n3每队领队一名教练两名。\n4集体项目以系为单位报名。','1、采用国家体委审定的最新田径规则。\n2、比赛除100M、200M分预赛、决赛外，其余项目均一次预决赛。\n3、各径赛项目检录前按组抽签决定道次，其他项目按规则要求由大会统一编排。','1、每项比赛（除集体外）取前八名，记分为9、7、6、5、4、3、2、1。前六名有物质奖；每一人破一项院记录加9分，破省大动会记录加18分；同一运动员在同一比赛中多次破超记录，按其破超最高记录加分。集体项目取前三名，得分加倍。\n2、团队总分按每单位各项目得分之和评定，得分多者列前，得分相同时按金牌总数多者列前，其余类推。\n3、团体奖：取男、女前三名；精神文明奖一名。','1、运动员持学生证参赛，发现冒名顶替者，取消比赛成绩，追回奖品，通报批评，并取消该系精神文明评比资格。\n2、运动员按时参赛，提前20分钟检录，迟到10分钟以弃权处理。检录时，需带学生证。无学生证者，由各系统一证明，并带身份证核对。\n3、各系运动员比赛时，必须佩带规定号码于胸前，否则取消比赛资格。\n4、第九套广播体操比赛评比标准；\n   a队列整齐服装一致   b动作正确   c宣传效果好   d精神面貌好\n5、运动会一般不接受商业广告赞助、确有需要报学院批准后执行。\n6、入场式进行时，各系方队要按统一要求进行，需呼口号或打标语时其内容要报组委会审批后方可使用。','1、	各系运动员按时参加比赛，在指定地点做好比赛准备；\n2、	所有人员需着装整齐，仪容整洁、执行大会规定； \n3、	参赛运动员必须符合比赛规定，不得冒名顶替，否则，取消比赛资格及本系精神文明奖评比资格；\n4、	参赛运动员必须听从指挥，遵守纪律，尊重裁判，尊重对手；\n5、	比赛时任何人不得在场内随意走动，不得无视竞赛规程、规则的权威性，擅自停赛、罢赛；\n6、	参赛的运动员对裁判员的裁判结果有异议时应该通过所在代表队的领队同裁判交涉，无理取闹者，取消其比赛资格及本系精神文明奖评比资格；\n7、	裁判员必须坚持公正竞赛原则和社会公德，执法如山，不徇私情。','一、	开幕：4月20日上午8：30\n二、	开幕式开始\n三、	运动员、裁判员入场\n四、	升国旗、奏国歌\n五、	院领导致开幕词\n六、	运动员代表宣誓\n七、	裁判员代表宣誓\n八、	院领导宣布运动会开幕\n九、	学工部宣读大会纪律\n十、	运动员、裁判员退场\n十一、展示表演\n（一）	第九套广播体操比赛\n（二）	啦啦操、鹦垴拳、武术表演\n十二、比赛开始','一、	运动员整队入列（4月21日上午11：15）\n二、	总裁判长宣布比赛成绩\n三、	颁奖\n四、	院领导致闭幕词\n五、	闭幕'),(2,15,'','','','','','','','','','','','','为什么','原因是','因为','所以','小童','张华李东国','校友','张丹','你是谁','啊啊啊','不得将很快','回家','获得','去看海','会尽快回家','好机会','好机会',NULL,NULL,NULL,NULL,NULL,NULL,NULL,'1运动会以系为单位报名,每系每个运动员限报两项(接力除外),每项每系限报6人。\n2每系限报男女各一队。\n3每队领队一名教练两名。\n4集体项目以系为单位报名。\n四、竞赛说明\n1、采用国家体委审定的最新田径规则。\n2、比赛除100M、200M分预赛、决赛外，其余项目均一次预决赛。\n3、各径赛项目检录前按组抽签决定道次，其他项目按规则要求由大会统一编排。','1运动会以系为单位报名,每系每个运动员限报两项(接力除外),每项每系限报6人。\n2每系限报男女各一队。\n3每队领队一名教练两名。\n4集体项目以系为单位报名。\n四、竞赛说明\n1、采用国家体委审定的最新田径规则。\n2、比赛除100M、200M分预赛、决赛外，其余项目均一次预决赛。\n3、各径赛项目检录前按组抽签决定道次，其他项目按规则要求由大会统一编排。','各方各地方刚刚好是大家更好','办法发货速度加快和圣诞节快发货速度加快恢复','你睡得护法和健康，的规范化个还是打工。','计划的房价肯定会，发布会加班！','部分更大空间发贺卡');

/*Table structure for table `t_player` */

DROP TABLE IF EXISTS `t_player`;

CREATE TABLE `t_player` (
  `id` int(11) NOT NULL AUTO_INCREMENT,
  `sp2dpid` int(11) NOT NULL COMMENT '运动会-部门联系表id',
  `playernum` varchar(10) DEFAULT NULL,
  `playername` varchar(10) DEFAULT NULL COMMENT '运动员姓名',
  `playersex` tinyint(1) DEFAULT NULL COMMENT '运动员性别：true男；false女',
  `playertype` tinyint(4) DEFAULT NULL COMMENT '运动员类型：true学生；false教工',
  `groupid` int(11) DEFAULT NULL COMMENT '组别id',
  `registitem` varchar(255) DEFAULT NULL COMMENT '该人所报的项目：用;隔开的itemid字符串。比如1;2;3代表报了1、2、3这三个项目',
  `numid` int(11) DEFAULT NULL COMMENT 't_playnum的id',
  PRIMARY KEY (`id`)
) ENGINE=InnoDB AUTO_INCREMENT=1851 DEFAULT CHARSET=utf8 COMMENT='运动员表';

/*Data for the table `t_player` */

insert  into `t_player`(`id`,`sp2dpid`,`playernum`,`playername`,`playersex`,`playertype`,`groupid`,`registitem`,`numid`) values (1,54,'501','王兵',1,0,13,'1;12',91),(2,54,'502','段志群',1,0,13,'11;12',91),(3,54,'503','宋飞',1,0,13,'1;11',91),(4,54,'504','张才华',1,0,13,'1;12',91),(5,54,'505','姚田',1,0,13,'11',91),(6,54,'506','刘凯',1,0,13,'12;13',91),(7,54,'507','吴会政',1,0,13,'12;13',91),(8,54,'508','霍江川',1,0,13,'1;11',91),(9,54,'509','董永林',1,0,13,'1',91),(10,54,'510','孟军',1,0,13,'1;13',91),(11,54,'511','贺耀芬',0,0,14,'13',91),(12,54,'512','张丽',0,0,14,'11;13',91),(13,54,'513','王丽攻',0,0,14,'1;12',91),(14,54,'514','刘晓春',0,0,14,'1',91),(15,54,'515','韩娜',0,0,14,'1',91),(16,54,'516','郑瑞之',0,0,14,'1;13',91),(17,54,'517','王琴',0,0,14,'12',91),(18,54,'518','李新丽',0,0,14,'1;13',91),(19,54,'519','王胜荣',0,0,14,'1;11',91),(20,54,'520','张志芳',0,0,14,'1;11',91),(21,54,'521',NULL,NULL,NULL,NULL,NULL,91),(22,54,'522',NULL,NULL,NULL,NULL,NULL,91),(23,54,'523',NULL,NULL,NULL,NULL,NULL,91),(24,54,'524',NULL,NULL,NULL,NULL,NULL,91),(25,54,'525',NULL,NULL,NULL,NULL,NULL,91),(26,54,'526',NULL,NULL,NULL,NULL,NULL,91),(27,54,'527',NULL,NULL,NULL,NULL,NULL,91),(28,54,'528',NULL,NULL,NULL,NULL,NULL,91),(29,54,'529',NULL,NULL,NULL,NULL,NULL,91),(30,54,'530',NULL,NULL,NULL,NULL,NULL,91),(31,54,'531',NULL,NULL,NULL,NULL,NULL,91),(32,54,'532',NULL,NULL,NULL,NULL,NULL,91),(33,54,'533',NULL,NULL,NULL,NULL,NULL,91),(34,54,'534',NULL,NULL,NULL,NULL,NULL,91),(35,54,'535',NULL,NULL,NULL,NULL,NULL,91),(36,54,'536',NULL,NULL,NULL,NULL,NULL,91),(37,54,'537',NULL,NULL,NULL,NULL,NULL,91),(38,54,'538',NULL,NULL,NULL,NULL,NULL,91),(39,54,'539',NULL,NULL,NULL,NULL,NULL,91),(40,54,'540',NULL,NULL,NULL,NULL,NULL,91),(41,45,'1001','潘鹏宇',1,1,11,'1;4',75),(42,45,'1002','左少旭',1,1,11,'1;12;14',75),(43,45,'1003','吕乐',1,1,11,'4;11',75),(44,45,'1004','丁江涛',1,1,11,'2;5',75),(45,45,'1005','张晓峰',1,1,11,'6;10',75),(46,45,'1006','李升',1,1,11,'14;15',75),(47,45,'1007','赵谦',1,1,11,'3;9',75),(48,45,'1008','吴运昌',1,1,11,'1;12',75),(49,45,'1009','仝旭',1,1,11,'3',75),(50,45,'1010','史志策',1,1,11,'5;13',75),(51,45,'1011','赵玲',0,1,12,'7;12',75),(52,45,'1012','刘月赏',0,1,12,'18',75),(53,45,'1013','张丽',0,1,12,'2;11',75),(54,45,'1014','王从从',0,1,12,'4;12',75),(55,45,'1015','张晓静',0,1,12,'7;18',75),(56,45,'1016','张燕',1,1,11,'6;9',75),(57,45,'1017','方华',1,1,11,'1;11',75),(58,45,'1018','程子云',1,1,11,'12;14',75),(59,45,'1019','张彤',1,1,11,'1;7',75),(60,45,'1020','程欢欢',1,1,11,'4;18',75),(61,45,'1021','刘骥',1,1,11,'1;12',75),(62,45,'1022','刘少坤',1,1,11,'11;13',75),(63,45,'1023','宫伟娅',0,1,12,'1;13',75),(64,45,'1024','刘彦华',0,1,12,'1;12',75),(65,45,'1025',NULL,NULL,NULL,NULL,NULL,75),(66,45,'1026',NULL,NULL,NULL,NULL,NULL,75),(67,45,'1027','高旭辉',0,1,12,'1;11',75),(68,45,'1028','段桂英',0,1,12,'11;13',75),(69,45,'1029',NULL,NULL,NULL,NULL,NULL,75),(70,45,'1030','石彦杰',1,1,11,'12;13',75),(71,45,'1031','田芳',0,1,12,'1;13',75),(72,45,'1032','吕新平',1,1,11,'11;13',75),(73,45,'1033','张晓玲',1,1,11,'11',75),(74,45,'1034',NULL,NULL,NULL,NULL,NULL,75),(75,45,'1035',NULL,NULL,NULL,NULL,NULL,75),(76,45,'1036',NULL,NULL,NULL,NULL,NULL,75),(77,45,'1037',NULL,NULL,NULL,NULL,NULL,75),(78,45,'1038',NULL,NULL,NULL,NULL,NULL,75),(79,45,'1039',NULL,NULL,NULL,NULL,NULL,75),(80,45,'1040',NULL,NULL,NULL,NULL,NULL,75),(81,45,'1041',NULL,NULL,NULL,NULL,NULL,75),(82,45,'1042',NULL,NULL,NULL,NULL,NULL,75),(83,45,'1043',NULL,NULL,NULL,NULL,NULL,75),(84,45,'1044',NULL,NULL,NULL,NULL,NULL,75),(85,45,'1045',NULL,NULL,NULL,NULL,NULL,75),(86,45,'1046',NULL,NULL,NULL,NULL,NULL,75),(87,45,'1047',NULL,NULL,NULL,NULL,NULL,75),(88,45,'1048',NULL,NULL,NULL,NULL,NULL,75),(89,45,'1049',NULL,NULL,NULL,NULL,NULL,75),(90,45,'1050',NULL,NULL,NULL,NULL,NULL,75),(91,45,'1051',NULL,NULL,NULL,NULL,NULL,75),(92,45,'1052',NULL,NULL,NULL,NULL,NULL,75),(93,45,'1053',NULL,NULL,NULL,NULL,NULL,75),(94,45,'1054',NULL,NULL,NULL,NULL,NULL,75),(95,45,'1055',NULL,NULL,NULL,NULL,NULL,75),(96,45,'1056',NULL,NULL,NULL,NULL,NULL,75),(97,45,'1057',NULL,NULL,NULL,NULL,NULL,75),(98,45,'1058',NULL,NULL,NULL,NULL,NULL,75),(99,45,'1059',NULL,NULL,NULL,NULL,NULL,75),(100,45,'1060',NULL,NULL,NULL,NULL,NULL,75),(101,45,'1061',NULL,NULL,NULL,NULL,NULL,75),(102,45,'1062',NULL,NULL,NULL,NULL,NULL,75),(103,45,'1063',NULL,NULL,NULL,NULL,NULL,75),(104,45,'1064',NULL,NULL,NULL,NULL,NULL,75),(105,45,'1065',NULL,NULL,NULL,NULL,NULL,75),(106,45,'1066',NULL,NULL,NULL,NULL,NULL,75),(107,45,'1067',NULL,NULL,NULL,NULL,NULL,75),(108,45,'1068',NULL,NULL,NULL,NULL,NULL,75),(109,45,'1069',NULL,NULL,NULL,NULL,NULL,75),(110,45,'1070',NULL,NULL,NULL,NULL,NULL,75),(111,45,'1071',NULL,NULL,NULL,NULL,NULL,75),(112,45,'1072',NULL,NULL,NULL,NULL,NULL,75),(113,45,'1073',NULL,NULL,NULL,NULL,NULL,75),(114,45,'1074',NULL,NULL,NULL,NULL,NULL,75),(115,45,'1075',NULL,NULL,NULL,NULL,NULL,75),(116,45,'1076',NULL,NULL,NULL,NULL,NULL,75),(117,45,'1077',NULL,NULL,NULL,NULL,NULL,75),(118,45,'1078',NULL,NULL,NULL,NULL,NULL,75),(119,45,'1079',NULL,NULL,NULL,NULL,NULL,75),(120,45,'1080',NULL,NULL,NULL,NULL,NULL,75),(121,45,'1081',NULL,NULL,NULL,NULL,NULL,75),(122,45,'1082',NULL,NULL,NULL,NULL,NULL,75),(123,45,'1083',NULL,NULL,NULL,NULL,NULL,75),(124,45,'1084',NULL,NULL,NULL,NULL,NULL,75),(125,45,'1085',NULL,NULL,NULL,NULL,NULL,75),(126,45,'1086',NULL,NULL,NULL,NULL,NULL,75),(127,45,'1087',NULL,NULL,NULL,NULL,NULL,75),(128,45,'1088',NULL,NULL,NULL,NULL,NULL,75),(129,45,'1089',NULL,NULL,NULL,NULL,NULL,75),(130,45,'1090',NULL,NULL,NULL,NULL,NULL,75),(131,45,'1091',NULL,NULL,NULL,NULL,NULL,75),(132,45,'1092',NULL,NULL,NULL,NULL,NULL,75),(133,45,'1093',NULL,NULL,NULL,NULL,NULL,75),(134,45,'1094',NULL,NULL,NULL,NULL,NULL,75),(135,45,'1095',NULL,NULL,NULL,NULL,NULL,75),(136,45,'1096',NULL,NULL,NULL,NULL,NULL,75),(137,45,'1097',NULL,NULL,NULL,NULL,NULL,75),(138,45,'1098',NULL,NULL,NULL,NULL,NULL,75),(139,45,'1099',NULL,NULL,NULL,NULL,NULL,75),(140,45,'1100',NULL,NULL,NULL,NULL,NULL,75),(141,45,'1101',NULL,NULL,NULL,NULL,NULL,75),(142,45,'1102',NULL,NULL,NULL,NULL,NULL,75),(143,45,'1103',NULL,NULL,NULL,NULL,NULL,75),(144,45,'1104',NULL,NULL,NULL,NULL,NULL,75),(145,45,'1105',NULL,NULL,NULL,NULL,NULL,75),(146,45,'1106',NULL,NULL,NULL,NULL,NULL,75),(147,45,'1107',NULL,NULL,NULL,NULL,NULL,75),(148,45,'1108',NULL,NULL,NULL,NULL,NULL,75),(149,45,'1109',NULL,NULL,NULL,NULL,NULL,75),(150,45,'1110',NULL,NULL,NULL,NULL,NULL,75),(151,45,'1111',NULL,NULL,NULL,NULL,NULL,75),(152,45,'1112',NULL,NULL,NULL,NULL,NULL,75),(153,45,'1113',NULL,NULL,NULL,NULL,NULL,75),(154,45,'1114',NULL,NULL,NULL,NULL,NULL,75),(155,45,'1115',NULL,NULL,NULL,NULL,NULL,75),(156,45,'1116',NULL,NULL,NULL,NULL,NULL,75),(157,45,'1117',NULL,NULL,NULL,NULL,NULL,75),(158,45,'1118',NULL,NULL,NULL,NULL,NULL,75),(159,45,'1119',NULL,NULL,NULL,NULL,NULL,75),(160,45,'1120',NULL,NULL,NULL,NULL,NULL,75),(161,45,'1121',NULL,NULL,NULL,NULL,NULL,75),(162,45,'1122',NULL,NULL,NULL,NULL,NULL,75),(163,45,'1123',NULL,NULL,NULL,NULL,NULL,75),(164,45,'1124',NULL,NULL,NULL,NULL,NULL,75),(165,45,'1125',NULL,NULL,NULL,NULL,NULL,75),(166,45,'1126',NULL,NULL,NULL,NULL,NULL,75),(167,45,'1127',NULL,NULL,NULL,NULL,NULL,75),(168,45,'1128',NULL,NULL,NULL,NULL,NULL,75),(169,45,'1129',NULL,NULL,NULL,NULL,NULL,75),(170,45,'1130',NULL,NULL,NULL,NULL,NULL,75),(171,45,'1131',NULL,NULL,NULL,NULL,NULL,75),(172,45,'1132',NULL,NULL,NULL,NULL,NULL,75),(173,45,'1133',NULL,NULL,NULL,NULL,NULL,75),(174,45,'1134',NULL,NULL,NULL,NULL,NULL,75),(175,45,'1135',NULL,NULL,NULL,NULL,NULL,75),(176,45,'1136',NULL,NULL,NULL,NULL,NULL,75),(177,45,'1137',NULL,NULL,NULL,NULL,NULL,75),(178,45,'1138',NULL,NULL,NULL,NULL,NULL,75),(179,45,'1139',NULL,NULL,NULL,NULL,NULL,75),(180,45,'1140',NULL,NULL,NULL,NULL,NULL,75),(181,45,'1141',NULL,NULL,NULL,NULL,NULL,75),(182,45,'1142',NULL,NULL,NULL,NULL,NULL,75),(183,45,'1143',NULL,NULL,NULL,NULL,NULL,75),(184,45,'1144',NULL,NULL,NULL,NULL,NULL,75),(185,45,'1145',NULL,NULL,NULL,NULL,NULL,75),(186,45,'1146',NULL,NULL,NULL,NULL,NULL,75),(187,45,'1147',NULL,NULL,NULL,NULL,NULL,75),(188,45,'1148',NULL,NULL,NULL,NULL,NULL,75),(189,45,'1149',NULL,NULL,NULL,NULL,NULL,75),(190,45,'1150',NULL,NULL,NULL,NULL,NULL,75),(191,45,'1151',NULL,NULL,NULL,NULL,NULL,75),(192,45,'1152',NULL,NULL,NULL,NULL,NULL,75),(193,45,'1153',NULL,NULL,NULL,NULL,NULL,75),(194,45,'1154',NULL,NULL,NULL,NULL,NULL,75),(195,45,'1155',NULL,NULL,NULL,NULL,NULL,75),(196,45,'1156',NULL,NULL,NULL,NULL,NULL,75),(197,45,'1157',NULL,NULL,NULL,NULL,NULL,75),(198,45,'1158',NULL,NULL,NULL,NULL,NULL,75),(199,45,'1159',NULL,NULL,NULL,NULL,NULL,75),(200,45,'1160',NULL,NULL,NULL,NULL,NULL,75),(201,45,'1161',NULL,NULL,NULL,NULL,NULL,75),(202,45,'1162',NULL,NULL,NULL,NULL,NULL,75),(203,45,'1163',NULL,NULL,NULL,NULL,NULL,75),(204,45,'1164',NULL,NULL,NULL,NULL,NULL,75),(205,45,'1165',NULL,NULL,NULL,NULL,NULL,75),(206,45,'1166',NULL,NULL,NULL,NULL,NULL,75),(207,45,'1167',NULL,NULL,NULL,NULL,NULL,75),(208,45,'1168',NULL,NULL,NULL,NULL,NULL,75),(209,45,'1169',NULL,NULL,NULL,NULL,NULL,75),(210,45,'1170',NULL,NULL,NULL,NULL,NULL,75),(211,45,'1171',NULL,NULL,NULL,NULL,NULL,75),(212,45,'1172',NULL,NULL,NULL,NULL,NULL,75),(213,45,'1173',NULL,NULL,NULL,NULL,NULL,75),(214,45,'1174',NULL,NULL,NULL,NULL,NULL,75),(215,45,'1175',NULL,NULL,NULL,NULL,NULL,75),(216,45,'1176',NULL,NULL,NULL,NULL,NULL,75),(217,45,'1177',NULL,NULL,NULL,NULL,NULL,75),(218,45,'1178',NULL,NULL,NULL,NULL,NULL,75),(219,45,'1179',NULL,NULL,NULL,NULL,NULL,75),(220,45,'1180',NULL,NULL,NULL,NULL,NULL,75),(221,45,'1181',NULL,NULL,NULL,NULL,NULL,75),(222,45,'1182',NULL,NULL,NULL,NULL,NULL,75),(223,45,'1183',NULL,NULL,NULL,NULL,NULL,75),(224,45,'1184',NULL,NULL,NULL,NULL,NULL,75),(225,45,'1185',NULL,NULL,NULL,NULL,NULL,75),(226,45,'1186',NULL,NULL,NULL,NULL,NULL,75),(227,45,'1187',NULL,NULL,NULL,NULL,NULL,75),(228,45,'1188',NULL,NULL,NULL,NULL,NULL,75),(229,45,'1189',NULL,NULL,NULL,NULL,NULL,75),(230,45,'1190',NULL,NULL,NULL,NULL,NULL,75),(231,45,'1191',NULL,NULL,NULL,NULL,NULL,75),(232,45,'1192',NULL,NULL,NULL,NULL,NULL,75),(233,45,'1193',NULL,NULL,NULL,NULL,NULL,75),(234,45,'1194',NULL,NULL,NULL,NULL,NULL,75),(235,45,'1195',NULL,NULL,NULL,NULL,NULL,75),(236,45,'1196',NULL,NULL,NULL,NULL,NULL,75),(237,45,'1197',NULL,NULL,NULL,NULL,NULL,75),(238,45,'1198',NULL,NULL,NULL,NULL,NULL,75),(239,45,'1199',NULL,NULL,NULL,NULL,NULL,75),(240,45,'1200',NULL,NULL,NULL,NULL,NULL,75),(241,45,'1201',NULL,NULL,NULL,NULL,NULL,75),(242,45,'1202',NULL,NULL,NULL,NULL,NULL,75),(243,45,'1203',NULL,NULL,NULL,NULL,NULL,75),(244,45,'1204',NULL,NULL,NULL,NULL,NULL,75),(245,45,'1205',NULL,NULL,NULL,NULL,NULL,75),(246,45,'1206',NULL,NULL,NULL,NULL,NULL,75),(247,45,'1207',NULL,NULL,NULL,NULL,NULL,75),(248,45,'1208',NULL,NULL,NULL,NULL,NULL,75),(249,45,'1209',NULL,NULL,NULL,NULL,NULL,75),(250,45,'1210',NULL,NULL,NULL,NULL,NULL,75),(251,45,'1211',NULL,NULL,NULL,NULL,NULL,75),(252,45,'1212',NULL,NULL,NULL,NULL,NULL,75),(253,45,'1213',NULL,NULL,NULL,NULL,NULL,75),(254,45,'1214',NULL,NULL,NULL,NULL,NULL,75),(255,45,'1215',NULL,NULL,NULL,NULL,NULL,75),(256,45,'1216',NULL,NULL,NULL,NULL,NULL,75),(257,45,'1217',NULL,NULL,NULL,NULL,NULL,75),(258,45,'1218',NULL,NULL,NULL,NULL,NULL,75),(259,45,'1219',NULL,NULL,NULL,NULL,NULL,75),(260,45,'1220',NULL,NULL,NULL,NULL,NULL,75),(261,45,'1221',NULL,NULL,NULL,NULL,NULL,75),(262,45,'1222',NULL,NULL,NULL,NULL,NULL,75),(263,45,'1223',NULL,NULL,NULL,NULL,NULL,75),(264,45,'1224',NULL,NULL,NULL,NULL,NULL,75),(265,45,'1225',NULL,NULL,NULL,NULL,NULL,75),(266,45,'1226',NULL,NULL,NULL,NULL,NULL,75),(267,45,'1227',NULL,NULL,NULL,NULL,NULL,75),(268,45,'1228',NULL,NULL,NULL,NULL,NULL,75),(269,45,'1229',NULL,NULL,NULL,NULL,NULL,75),(270,45,'1230',NULL,NULL,NULL,NULL,NULL,75),(271,45,'1231',NULL,NULL,NULL,NULL,NULL,75),(272,45,'1232',NULL,NULL,NULL,NULL,NULL,75),(273,45,'1233',NULL,NULL,NULL,NULL,NULL,75),(274,45,'1234',NULL,NULL,NULL,NULL,NULL,75),(275,45,'1235',NULL,NULL,NULL,NULL,NULL,75),(276,45,'1236',NULL,NULL,NULL,NULL,NULL,75),(277,45,'1237',NULL,NULL,NULL,NULL,NULL,75),(278,45,'1238',NULL,NULL,NULL,NULL,NULL,75),(279,45,'1239',NULL,NULL,NULL,NULL,NULL,75),(280,45,'1240',NULL,NULL,NULL,NULL,NULL,75),(281,45,'1241',NULL,NULL,NULL,NULL,NULL,75),(282,45,'1242',NULL,NULL,NULL,NULL,NULL,75),(283,45,'1243',NULL,NULL,NULL,NULL,NULL,75),(284,45,'1244',NULL,NULL,NULL,NULL,NULL,75),(285,45,'1245',NULL,NULL,NULL,NULL,NULL,75),(286,45,'1246',NULL,NULL,NULL,NULL,NULL,75),(287,45,'1247',NULL,NULL,NULL,NULL,NULL,75),(288,45,'1248',NULL,NULL,NULL,NULL,NULL,75),(289,45,'1249',NULL,NULL,NULL,NULL,NULL,75),(290,45,'1250',NULL,NULL,NULL,NULL,NULL,75),(291,49,'1751','陈浩',1,1,11,'1;3',82),(292,49,'1752','李劲松',1,1,11,'2;4',82),(293,49,'1753','郭春强',1,1,11,'9',82),(294,49,'1754','王亚辉',1,1,11,'1',82),(295,49,'1755','陈蓬松',1,1,11,'4;6',82),(296,49,'1756','郭向东',1,1,11,'4',82),(297,49,'1757','王超',1,1,11,'10',82),(298,49,'1758','任诺',1,1,11,'4;11',82),(299,49,'1759','张玮玮',1,1,11,'5',82),(300,49,'1760','赵超',1,1,11,'12;13',82),(301,49,'1761','石甜甜',0,1,12,'1;5',82),(302,49,'1762','梁子',0,1,12,'2;19',82),(303,49,'1763','付秋玲',0,1,12,'3;10',82),(304,49,'1764','王淼',0,1,12,'3;7',82),(305,49,'1765','吴玲玲',0,1,12,'5;11',82),(306,49,'1766','周双双',0,1,12,'4;9',82),(307,49,'1767',NULL,NULL,NULL,NULL,NULL,82),(308,49,'1768','杨婷婷',0,1,12,'4;12',82),(309,49,'1769','王海伦',0,1,12,'6;13',82),(310,49,'1770','杨丽玲',0,1,12,'6;10',82),(311,49,'1771',NULL,NULL,NULL,NULL,NULL,82),(312,49,'1772',NULL,NULL,NULL,NULL,NULL,82),(313,49,'1773',NULL,NULL,NULL,NULL,NULL,82),(314,49,'1774',NULL,NULL,NULL,NULL,NULL,82),(315,49,'1775',NULL,NULL,NULL,NULL,NULL,82),(316,49,'1776',NULL,NULL,NULL,NULL,NULL,82),(317,49,'1777',NULL,NULL,NULL,NULL,NULL,82),(318,49,'1778',NULL,NULL,NULL,NULL,NULL,82),(319,49,'1779',NULL,NULL,NULL,NULL,NULL,82),(320,49,'1780',NULL,NULL,NULL,NULL,NULL,82),(321,49,'1781',NULL,NULL,NULL,NULL,NULL,82),(322,49,'1782',NULL,NULL,NULL,NULL,NULL,82),(323,49,'1783',NULL,NULL,NULL,NULL,NULL,82),(324,49,'1784',NULL,NULL,NULL,NULL,NULL,82),(325,49,'1785',NULL,NULL,NULL,NULL,NULL,82),(326,49,'1786',NULL,NULL,NULL,NULL,NULL,82),(327,49,'1787',NULL,NULL,NULL,NULL,NULL,82),(328,49,'1788',NULL,NULL,NULL,NULL,NULL,82),(329,49,'1789',NULL,NULL,NULL,NULL,NULL,82),(330,49,'1790',NULL,NULL,NULL,NULL,NULL,82),(331,49,'1791',NULL,NULL,NULL,NULL,NULL,82),(332,49,'1792',NULL,NULL,NULL,NULL,NULL,82),(333,49,'1793',NULL,NULL,NULL,NULL,NULL,82),(334,49,'1794',NULL,NULL,NULL,NULL,NULL,82),(335,49,'1795',NULL,NULL,NULL,NULL,NULL,82),(336,49,'1796',NULL,NULL,NULL,NULL,NULL,82),(337,49,'1797',NULL,NULL,NULL,NULL,NULL,82),(338,49,'1798',NULL,NULL,NULL,NULL,NULL,82),(339,49,'1799',NULL,NULL,NULL,NULL,NULL,82),(340,49,'1800',NULL,NULL,NULL,NULL,NULL,82),(341,49,'1801',NULL,NULL,NULL,NULL,NULL,82),(342,49,'1802',NULL,NULL,NULL,NULL,NULL,82),(343,49,'1803',NULL,NULL,NULL,NULL,NULL,82),(344,49,'1804',NULL,NULL,NULL,NULL,NULL,82),(345,49,'1805',NULL,NULL,NULL,NULL,NULL,82),(346,49,'1806',NULL,NULL,NULL,NULL,NULL,82),(347,49,'1807',NULL,NULL,NULL,NULL,NULL,82),(348,49,'1808',NULL,NULL,NULL,NULL,NULL,82),(349,49,'1809',NULL,NULL,NULL,NULL,NULL,82),(350,49,'1810',NULL,NULL,NULL,NULL,NULL,82),(351,49,'1811',NULL,NULL,NULL,NULL,NULL,82),(352,49,'1812',NULL,NULL,NULL,NULL,NULL,82),(353,49,'1813',NULL,NULL,NULL,NULL,NULL,82),(354,49,'1814',NULL,NULL,NULL,NULL,NULL,82),(355,49,'1815',NULL,NULL,NULL,NULL,NULL,82),(356,49,'1816',NULL,NULL,NULL,NULL,NULL,82),(357,49,'1817',NULL,NULL,NULL,NULL,NULL,82),(358,49,'1818',NULL,NULL,NULL,NULL,NULL,82),(359,49,'1819',NULL,NULL,NULL,NULL,NULL,82),(360,49,'1820',NULL,NULL,NULL,NULL,NULL,82),(361,49,'1821',NULL,NULL,NULL,NULL,NULL,82),(362,49,'1822',NULL,NULL,NULL,NULL,NULL,82),(363,49,'1823',NULL,NULL,NULL,NULL,NULL,82),(364,49,'1824',NULL,NULL,NULL,NULL,NULL,82),(365,49,'1825',NULL,NULL,NULL,NULL,NULL,82),(366,49,'1826',NULL,NULL,NULL,NULL,NULL,82),(367,49,'1827',NULL,NULL,NULL,NULL,NULL,82),(368,49,'1828',NULL,NULL,NULL,NULL,NULL,82),(369,49,'1829',NULL,NULL,NULL,NULL,NULL,82),(370,49,'1830',NULL,NULL,NULL,NULL,NULL,82),(371,49,'1831',NULL,NULL,NULL,NULL,NULL,82),(372,49,'1832',NULL,NULL,NULL,NULL,NULL,82),(373,49,'1833',NULL,NULL,NULL,NULL,NULL,82),(374,49,'1834',NULL,NULL,NULL,NULL,NULL,82),(375,49,'1835',NULL,NULL,NULL,NULL,NULL,82),(376,49,'1836',NULL,NULL,NULL,NULL,NULL,82),(377,49,'1837',NULL,NULL,NULL,NULL,NULL,82),(378,49,'1838',NULL,NULL,NULL,NULL,NULL,82),(379,49,'1839',NULL,NULL,NULL,NULL,NULL,82),(380,49,'1840',NULL,NULL,NULL,NULL,NULL,82),(381,49,'1841',NULL,NULL,NULL,NULL,NULL,82),(382,49,'1842',NULL,NULL,NULL,NULL,NULL,82),(383,49,'1843',NULL,NULL,NULL,NULL,NULL,82),(384,49,'1844',NULL,NULL,NULL,NULL,NULL,82),(385,49,'1845',NULL,NULL,NULL,NULL,NULL,82),(386,49,'1846',NULL,NULL,NULL,NULL,NULL,82),(387,49,'1847',NULL,NULL,NULL,NULL,NULL,82),(388,49,'1848',NULL,NULL,NULL,NULL,NULL,82),(389,49,'1849',NULL,NULL,NULL,NULL,NULL,82),(390,49,'1850',NULL,NULL,NULL,NULL,NULL,82),(391,49,'1851',NULL,NULL,NULL,NULL,NULL,82),(392,49,'1852',NULL,NULL,NULL,NULL,NULL,82),(393,49,'1853',NULL,NULL,NULL,NULL,NULL,82),(394,49,'1854',NULL,NULL,NULL,NULL,NULL,82),(395,49,'1855',NULL,NULL,NULL,NULL,NULL,82),(396,49,'1856',NULL,NULL,NULL,NULL,NULL,82),(397,49,'1857',NULL,NULL,NULL,NULL,NULL,82),(398,49,'1858',NULL,NULL,NULL,NULL,NULL,82),(399,49,'1859',NULL,NULL,NULL,NULL,NULL,82),(400,49,'1860',NULL,NULL,NULL,NULL,NULL,82),(401,49,'1861',NULL,NULL,NULL,NULL,NULL,82),(402,49,'1862',NULL,NULL,NULL,NULL,NULL,82),(403,49,'1863',NULL,NULL,NULL,NULL,NULL,82),(404,49,'1864',NULL,NULL,NULL,NULL,NULL,82),(405,49,'1865',NULL,NULL,NULL,NULL,NULL,82),(406,49,'1866',NULL,NULL,NULL,NULL,NULL,82),(407,49,'1867',NULL,NULL,NULL,NULL,NULL,82),(408,49,'1868',NULL,NULL,NULL,NULL,NULL,82),(409,49,'1869',NULL,NULL,NULL,NULL,NULL,82),(410,49,'1870',NULL,NULL,NULL,NULL,NULL,82),(411,49,'1871',NULL,NULL,NULL,NULL,NULL,82),(412,49,'1872',NULL,NULL,NULL,NULL,NULL,82),(413,49,'1873',NULL,NULL,NULL,NULL,NULL,82),(414,49,'1874',NULL,NULL,NULL,NULL,NULL,82),(415,49,'1875',NULL,NULL,NULL,NULL,NULL,82),(416,49,'1876',NULL,NULL,NULL,NULL,NULL,82),(417,49,'1877',NULL,NULL,NULL,NULL,NULL,82),(418,49,'1878',NULL,NULL,NULL,NULL,NULL,82),(419,49,'1879',NULL,NULL,NULL,NULL,NULL,82),(420,49,'1880',NULL,NULL,NULL,NULL,NULL,82),(421,49,'1881',NULL,NULL,NULL,NULL,NULL,82),(422,49,'1882',NULL,NULL,NULL,NULL,NULL,82),(423,49,'1883',NULL,NULL,NULL,NULL,NULL,82),(424,49,'1884',NULL,NULL,NULL,NULL,NULL,82),(425,49,'1885',NULL,NULL,NULL,NULL,NULL,82),(426,49,'1886',NULL,NULL,NULL,NULL,NULL,82),(427,49,'1887',NULL,NULL,NULL,NULL,NULL,82),(428,49,'1888',NULL,NULL,NULL,NULL,NULL,82),(429,49,'1889',NULL,NULL,NULL,NULL,NULL,82),(430,49,'1890',NULL,NULL,NULL,NULL,NULL,82),(431,49,'1891',NULL,NULL,NULL,NULL,NULL,82),(432,49,'1892',NULL,NULL,NULL,NULL,NULL,82),(433,49,'1893',NULL,NULL,NULL,NULL,NULL,82),(434,49,'1894',NULL,NULL,NULL,NULL,NULL,82),(435,49,'1895',NULL,NULL,NULL,NULL,NULL,82),(436,49,'1896',NULL,NULL,NULL,NULL,NULL,82),(437,49,'1897',NULL,NULL,NULL,NULL,NULL,82),(438,49,'1898',NULL,NULL,NULL,NULL,NULL,82),(439,49,'1899',NULL,NULL,NULL,NULL,NULL,82),(440,49,'1900',NULL,NULL,NULL,NULL,NULL,82),(441,49,'1901',NULL,NULL,NULL,NULL,NULL,82),(442,49,'1902',NULL,NULL,NULL,NULL,NULL,82),(443,49,'1903',NULL,NULL,NULL,NULL,NULL,82),(444,49,'1904',NULL,NULL,NULL,NULL,NULL,82),(445,49,'1905',NULL,NULL,NULL,NULL,NULL,82),(446,49,'1906',NULL,NULL,NULL,NULL,NULL,82),(447,49,'1907',NULL,NULL,NULL,NULL,NULL,82),(448,49,'1908',NULL,NULL,NULL,NULL,NULL,82),(449,49,'1909',NULL,NULL,NULL,NULL,NULL,82),(450,49,'1910',NULL,NULL,NULL,NULL,NULL,82),(451,49,'1911',NULL,NULL,NULL,NULL,NULL,82),(452,49,'1912',NULL,NULL,NULL,NULL,NULL,82),(453,49,'1913',NULL,NULL,NULL,NULL,NULL,82),(454,49,'1914',NULL,NULL,NULL,NULL,NULL,82),(455,49,'1915',NULL,NULL,NULL,NULL,NULL,82),(456,49,'1916',NULL,NULL,NULL,NULL,NULL,82),(457,49,'1917',NULL,NULL,NULL,NULL,NULL,82),(458,49,'1918',NULL,NULL,NULL,NULL,NULL,82),(459,49,'1919',NULL,NULL,NULL,NULL,NULL,82),(460,49,'1920',NULL,NULL,NULL,NULL,NULL,82),(461,49,'1921',NULL,NULL,NULL,NULL,NULL,82),(462,49,'1922',NULL,NULL,NULL,NULL,NULL,82),(463,49,'1923',NULL,NULL,NULL,NULL,NULL,82),(464,49,'1924',NULL,NULL,NULL,NULL,NULL,82),(465,49,'1925',NULL,NULL,NULL,NULL,NULL,82),(466,49,'1926',NULL,NULL,NULL,NULL,NULL,82),(467,49,'1927',NULL,NULL,NULL,NULL,NULL,82),(468,49,'1928',NULL,NULL,NULL,NULL,NULL,82),(469,49,'1929',NULL,NULL,NULL,NULL,NULL,82),(470,49,'1930',NULL,NULL,NULL,NULL,NULL,82),(471,49,'1931',NULL,NULL,NULL,NULL,NULL,82),(472,49,'1932',NULL,NULL,NULL,NULL,NULL,82),(473,49,'1933',NULL,NULL,NULL,NULL,NULL,82),(474,49,'1934',NULL,NULL,NULL,NULL,NULL,82),(475,49,'1935',NULL,NULL,NULL,NULL,NULL,82),(476,49,'1936',NULL,NULL,NULL,NULL,NULL,82),(477,49,'1937',NULL,NULL,NULL,NULL,NULL,82),(478,49,'1938',NULL,NULL,NULL,NULL,NULL,82),(479,49,'1939',NULL,NULL,NULL,NULL,NULL,82),(480,49,'1940',NULL,NULL,NULL,NULL,NULL,82),(481,49,'1941',NULL,NULL,NULL,NULL,NULL,82),(482,49,'1942',NULL,NULL,NULL,NULL,NULL,82),(483,49,'1943',NULL,NULL,NULL,NULL,NULL,82),(484,49,'1944',NULL,NULL,NULL,NULL,NULL,82),(485,49,'1945',NULL,NULL,NULL,NULL,NULL,82),(486,49,'1946',NULL,NULL,NULL,NULL,NULL,82),(487,49,'1947',NULL,NULL,NULL,NULL,NULL,82),(488,49,'1948',NULL,NULL,NULL,NULL,NULL,82),(489,49,'1949',NULL,NULL,NULL,NULL,NULL,82),(490,49,'1950',NULL,NULL,NULL,NULL,NULL,82),(491,49,'1951',NULL,NULL,NULL,NULL,NULL,82),(492,49,'1952',NULL,NULL,NULL,NULL,NULL,82),(493,49,'1953',NULL,NULL,NULL,NULL,NULL,82),(494,49,'1954',NULL,NULL,NULL,NULL,NULL,82),(495,49,'1955',NULL,NULL,NULL,NULL,NULL,82),(496,49,'1956',NULL,NULL,NULL,NULL,NULL,82),(497,49,'1957',NULL,NULL,NULL,NULL,NULL,82),(498,49,'1958',NULL,NULL,NULL,NULL,NULL,82),(499,49,'1959',NULL,NULL,NULL,NULL,NULL,82),(500,49,'1960',NULL,NULL,NULL,NULL,NULL,82),(501,49,'1961',NULL,NULL,NULL,NULL,NULL,82),(502,49,'1962',NULL,NULL,NULL,NULL,NULL,82),(503,49,'1963',NULL,NULL,NULL,NULL,NULL,82),(504,49,'1964',NULL,NULL,NULL,NULL,NULL,82),(505,49,'1965',NULL,NULL,NULL,NULL,NULL,82),(506,49,'1966',NULL,NULL,NULL,NULL,NULL,82),(507,49,'1967',NULL,NULL,NULL,NULL,NULL,82),(508,49,'1968',NULL,NULL,NULL,NULL,NULL,82),(509,49,'1969',NULL,NULL,NULL,NULL,NULL,82),(510,49,'1970',NULL,NULL,NULL,NULL,NULL,82),(511,49,'1971',NULL,NULL,NULL,NULL,NULL,82),(512,49,'1972',NULL,NULL,NULL,NULL,NULL,82),(513,49,'1973',NULL,NULL,NULL,NULL,NULL,82),(514,49,'1974',NULL,NULL,NULL,NULL,NULL,82),(515,49,'1975',NULL,NULL,NULL,NULL,NULL,82),(516,49,'1976',NULL,NULL,NULL,NULL,NULL,82),(517,49,'1977',NULL,NULL,NULL,NULL,NULL,82),(518,49,'1978',NULL,NULL,NULL,NULL,NULL,82),(519,49,'1979',NULL,NULL,NULL,NULL,NULL,82),(520,49,'1980',NULL,NULL,NULL,NULL,NULL,82),(521,49,'1981',NULL,NULL,NULL,NULL,NULL,82),(522,49,'1982',NULL,NULL,NULL,NULL,NULL,82),(523,49,'1983',NULL,NULL,NULL,NULL,NULL,82),(524,49,'1984',NULL,NULL,NULL,NULL,NULL,82),(525,49,'1985',NULL,NULL,NULL,NULL,NULL,82),(526,49,'1986',NULL,NULL,NULL,NULL,NULL,82),(527,49,'1987',NULL,NULL,NULL,NULL,NULL,82),(528,49,'1988',NULL,NULL,NULL,NULL,NULL,82),(529,49,'1989',NULL,NULL,NULL,NULL,NULL,82),(530,49,'1990',NULL,NULL,NULL,NULL,NULL,82),(531,49,'1991',NULL,NULL,NULL,NULL,NULL,82),(532,49,'1992',NULL,NULL,NULL,NULL,NULL,82),(533,49,'1993',NULL,NULL,NULL,NULL,NULL,82),(534,49,'1994',NULL,NULL,NULL,NULL,NULL,82),(535,49,'1995',NULL,NULL,NULL,NULL,NULL,82),(536,49,'1996',NULL,NULL,NULL,NULL,NULL,82),(537,49,'1997',NULL,NULL,NULL,NULL,NULL,82),(538,49,'1998',NULL,NULL,NULL,NULL,NULL,82),(539,49,'1999',NULL,NULL,NULL,NULL,NULL,82),(540,49,'2000',NULL,NULL,NULL,NULL,NULL,82),(541,46,'1251','孙策',1,1,11,'1;2',77),(542,46,'1252','刘松涛',1,1,11,'1;2',77),(543,46,'1253','孙悦',1,1,11,'1',77),(544,46,'1254','陈元亮',1,1,11,'1;10',77),(545,46,'1255','王瑞华',1,1,11,'1;13;14',77),(546,46,'1256','程冬雪',1,1,11,'1;7',77),(547,46,'1257','鞠凯',1,1,11,'1;4',77),(548,46,'1258','李松涛',1,1,11,'1;4',77),(549,46,'1259','王子鹏',1,1,11,'1;4',77),(550,46,'1260','刘子健',1,1,11,'1;4',77),(551,46,'1261','刘艳杰',1,1,11,'5;6',77),(552,46,'1262','周梅',1,1,11,'5;6',77),(553,46,'1263','张磊',1,1,11,'5;6',77),(554,46,'1264','刘洋',1,1,11,'5;6',77),(555,46,'1265','张宁',1,1,11,'7;9',77),(556,46,'1266','秦大坤',1,1,11,'7;9',77),(557,46,'1267','刘琳琳',1,1,11,'7;9',77),(558,46,'1268','岳琴',1,1,11,'7;9',77),(559,46,'1269','杨兴',1,1,11,'7;9',77),(560,46,'1270','闫兰兰',0,1,12,'1;2',77),(561,46,'1271','张丹',0,1,12,'1;2',77),(562,46,'1272','李丹',0,1,12,'1;2',77),(563,46,'1273','杨岚岚',0,1,12,'1;2',77),(564,46,'1274','韩祥英',0,1,12,'1;2',77),(565,46,'1275','杨兴',0,1,12,'3;4',77),(566,46,'1276','赵倩',0,1,12,'3;4',77),(567,46,'1277','张美佳',0,1,12,'3;4',77),(568,46,'1278','岳杰',0,1,12,'3;4',77),(569,46,'1279','蒋秀坤',0,1,12,'3;4',77),(570,46,'1280','韩璐',0,1,12,'3;4',77),(571,46,'1281',NULL,NULL,NULL,NULL,NULL,77),(572,46,'1282',NULL,NULL,NULL,NULL,NULL,77),(573,46,'1283',NULL,NULL,NULL,NULL,NULL,77),(574,46,'1284',NULL,NULL,NULL,NULL,NULL,77),(575,46,'1285',NULL,NULL,NULL,NULL,NULL,77),(576,46,'1286',NULL,NULL,NULL,NULL,NULL,77),(577,46,'1287',NULL,NULL,NULL,NULL,NULL,77),(578,46,'1288',NULL,NULL,NULL,NULL,NULL,77),(579,46,'1289',NULL,NULL,NULL,NULL,NULL,77),(580,46,'1290',NULL,NULL,NULL,NULL,NULL,77),(581,46,'1291',NULL,NULL,NULL,NULL,NULL,77),(582,46,'1292',NULL,NULL,NULL,NULL,NULL,77),(583,46,'1293',NULL,NULL,NULL,NULL,NULL,77),(584,46,'1294',NULL,NULL,NULL,NULL,NULL,77),(585,46,'1295',NULL,NULL,NULL,NULL,NULL,77),(586,46,'1296',NULL,NULL,NULL,NULL,NULL,77),(587,46,'1297',NULL,NULL,NULL,NULL,NULL,77),(588,46,'1298',NULL,NULL,NULL,NULL,NULL,77),(589,46,'1299',NULL,NULL,NULL,NULL,NULL,77),(590,46,'1300',NULL,NULL,NULL,NULL,NULL,77),(591,46,'1301',NULL,NULL,NULL,NULL,NULL,77),(592,46,'1302',NULL,NULL,NULL,NULL,NULL,77),(593,46,'1303',NULL,NULL,NULL,NULL,NULL,77),(594,46,'1304',NULL,NULL,NULL,NULL,NULL,77),(595,46,'1305',NULL,NULL,NULL,NULL,NULL,77),(596,46,'1306',NULL,NULL,NULL,NULL,NULL,77),(597,46,'1307',NULL,NULL,NULL,NULL,NULL,77),(598,46,'1308',NULL,NULL,NULL,NULL,NULL,77),(599,46,'1309',NULL,NULL,NULL,NULL,NULL,77),(600,46,'1310',NULL,NULL,NULL,NULL,NULL,77),(601,46,'1311',NULL,NULL,NULL,NULL,NULL,77),(602,46,'1312',NULL,NULL,NULL,NULL,NULL,77),(603,46,'1313',NULL,NULL,NULL,NULL,NULL,77),(604,46,'1314',NULL,NULL,NULL,NULL,NULL,77),(605,46,'1315',NULL,NULL,NULL,NULL,NULL,77),(606,46,'1316',NULL,NULL,NULL,NULL,NULL,77),(607,46,'1317',NULL,NULL,NULL,NULL,NULL,77),(608,46,'1318',NULL,NULL,NULL,NULL,NULL,77),(609,46,'1319',NULL,NULL,NULL,NULL,NULL,77),(610,46,'1320',NULL,NULL,NULL,NULL,NULL,77),(611,46,'1321',NULL,NULL,NULL,NULL,NULL,77),(612,46,'1322',NULL,NULL,NULL,NULL,NULL,77),(613,46,'1323',NULL,NULL,NULL,NULL,NULL,77),(614,46,'1324',NULL,NULL,NULL,NULL,NULL,77),(615,46,'1325',NULL,NULL,NULL,NULL,NULL,77),(616,46,'1326',NULL,NULL,NULL,NULL,NULL,77),(617,46,'1327',NULL,NULL,NULL,NULL,NULL,77),(618,46,'1328',NULL,NULL,NULL,NULL,NULL,77),(619,46,'1329',NULL,NULL,NULL,NULL,NULL,77),(620,46,'1330',NULL,NULL,NULL,NULL,NULL,77),(621,46,'1331',NULL,NULL,NULL,NULL,NULL,77),(622,46,'1332',NULL,NULL,NULL,NULL,NULL,77),(623,46,'1333',NULL,NULL,NULL,NULL,NULL,77),(624,46,'1334',NULL,NULL,NULL,NULL,NULL,77),(625,46,'1335',NULL,NULL,NULL,NULL,NULL,77),(626,46,'1336',NULL,NULL,NULL,NULL,NULL,77),(627,46,'1337',NULL,NULL,NULL,NULL,NULL,77),(628,46,'1338',NULL,NULL,NULL,NULL,NULL,77),(629,46,'1339',NULL,NULL,NULL,NULL,NULL,77),(630,46,'1340',NULL,NULL,NULL,NULL,NULL,77),(631,46,'1341',NULL,NULL,NULL,NULL,NULL,77),(632,46,'1342',NULL,NULL,NULL,NULL,NULL,77),(633,46,'1343',NULL,NULL,NULL,NULL,NULL,77),(634,46,'1344',NULL,NULL,NULL,NULL,NULL,77),(635,46,'1345',NULL,NULL,NULL,NULL,NULL,77),(636,46,'1346',NULL,NULL,NULL,NULL,NULL,77),(637,46,'1347',NULL,NULL,NULL,NULL,NULL,77),(638,46,'1348',NULL,NULL,NULL,NULL,NULL,77),(639,46,'1349',NULL,NULL,NULL,NULL,NULL,77),(640,46,'1350',NULL,NULL,NULL,NULL,NULL,77),(641,46,'1351',NULL,NULL,NULL,NULL,NULL,77),(642,46,'1352',NULL,NULL,NULL,NULL,NULL,77),(643,46,'1353',NULL,NULL,NULL,NULL,NULL,77),(644,46,'1354',NULL,NULL,NULL,NULL,NULL,77),(645,46,'1355',NULL,NULL,NULL,NULL,NULL,77),(646,46,'1356',NULL,NULL,NULL,NULL,NULL,77),(647,46,'1357',NULL,NULL,NULL,NULL,NULL,77),(648,46,'1358',NULL,NULL,NULL,NULL,NULL,77),(649,46,'1359',NULL,NULL,NULL,NULL,NULL,77),(650,46,'1360',NULL,NULL,NULL,NULL,NULL,77),(651,46,'1361',NULL,NULL,NULL,NULL,NULL,77),(652,46,'1362',NULL,NULL,NULL,NULL,NULL,77),(653,46,'1363',NULL,NULL,NULL,NULL,NULL,77),(654,46,'1364',NULL,NULL,NULL,NULL,NULL,77),(655,46,'1365',NULL,NULL,NULL,NULL,NULL,77),(656,46,'1366',NULL,NULL,NULL,NULL,NULL,77),(657,46,'1367',NULL,NULL,NULL,NULL,NULL,77),(658,46,'1368',NULL,NULL,NULL,NULL,NULL,77),(659,46,'1369',NULL,NULL,NULL,NULL,NULL,77),(660,46,'1370',NULL,NULL,NULL,NULL,NULL,77),(661,46,'1371',NULL,NULL,NULL,NULL,NULL,77),(662,46,'1372',NULL,NULL,NULL,NULL,NULL,77),(663,46,'1373',NULL,NULL,NULL,NULL,NULL,77),(664,46,'1374',NULL,NULL,NULL,NULL,NULL,77),(665,46,'1375',NULL,NULL,NULL,NULL,NULL,77),(666,46,'1376',NULL,NULL,NULL,NULL,NULL,77),(667,46,'1377',NULL,NULL,NULL,NULL,NULL,77),(668,46,'1378',NULL,NULL,NULL,NULL,NULL,77),(669,46,'1379',NULL,NULL,NULL,NULL,NULL,77),(670,46,'1380',NULL,NULL,NULL,NULL,NULL,77),(671,46,'1381',NULL,NULL,NULL,NULL,NULL,77),(672,46,'1382',NULL,NULL,NULL,NULL,NULL,77),(673,46,'1383',NULL,NULL,NULL,NULL,NULL,77),(674,46,'1384',NULL,NULL,NULL,NULL,NULL,77),(675,46,'1385',NULL,NULL,NULL,NULL,NULL,77),(676,46,'1386',NULL,NULL,NULL,NULL,NULL,77),(677,46,'1387',NULL,NULL,NULL,NULL,NULL,77),(678,46,'1388',NULL,NULL,NULL,NULL,NULL,77),(679,46,'1389',NULL,NULL,NULL,NULL,NULL,77),(680,46,'1390',NULL,NULL,NULL,NULL,NULL,77),(681,46,'1391',NULL,NULL,NULL,NULL,NULL,77),(682,46,'1392',NULL,NULL,NULL,NULL,NULL,77),(683,46,'1393',NULL,NULL,NULL,NULL,NULL,77),(684,46,'1394',NULL,NULL,NULL,NULL,NULL,77),(685,46,'1395',NULL,NULL,NULL,NULL,NULL,77),(686,46,'1396',NULL,NULL,NULL,NULL,NULL,77),(687,46,'1397',NULL,NULL,NULL,NULL,NULL,77),(688,46,'1398',NULL,NULL,NULL,NULL,NULL,77),(689,46,'1399',NULL,NULL,NULL,NULL,NULL,77),(690,46,'1400',NULL,NULL,NULL,NULL,NULL,77),(691,46,'1401',NULL,NULL,NULL,NULL,NULL,77),(692,46,'1402',NULL,NULL,NULL,NULL,NULL,77),(693,46,'1403',NULL,NULL,NULL,NULL,NULL,77),(694,46,'1404',NULL,NULL,NULL,NULL,NULL,77),(695,46,'1405',NULL,NULL,NULL,NULL,NULL,77),(696,46,'1406',NULL,NULL,NULL,NULL,NULL,77),(697,46,'1407',NULL,NULL,NULL,NULL,NULL,77),(698,46,'1408',NULL,NULL,NULL,NULL,NULL,77),(699,46,'1409',NULL,NULL,NULL,NULL,NULL,77),(700,46,'1410',NULL,NULL,NULL,NULL,NULL,77),(701,46,'1411',NULL,NULL,NULL,NULL,NULL,77),(702,46,'1412',NULL,NULL,NULL,NULL,NULL,77),(703,46,'1413',NULL,NULL,NULL,NULL,NULL,77),(704,46,'1414',NULL,NULL,NULL,NULL,NULL,77),(705,46,'1415',NULL,NULL,NULL,NULL,NULL,77),(706,46,'1416',NULL,NULL,NULL,NULL,NULL,77),(707,46,'1417',NULL,NULL,NULL,NULL,NULL,77),(708,46,'1418',NULL,NULL,NULL,NULL,NULL,77),(709,46,'1419',NULL,NULL,NULL,NULL,NULL,77),(710,46,'1420',NULL,NULL,NULL,NULL,NULL,77),(711,46,'1421',NULL,NULL,NULL,NULL,NULL,77),(712,46,'1422',NULL,NULL,NULL,NULL,NULL,77),(713,46,'1423',NULL,NULL,NULL,NULL,NULL,77),(714,46,'1424',NULL,NULL,NULL,NULL,NULL,77),(715,46,'1425',NULL,NULL,NULL,NULL,NULL,77),(716,46,'1426',NULL,NULL,NULL,NULL,NULL,77),(717,46,'1427',NULL,NULL,NULL,NULL,NULL,77),(718,46,'1428',NULL,NULL,NULL,NULL,NULL,77),(719,46,'1429',NULL,NULL,NULL,NULL,NULL,77),(720,46,'1430',NULL,NULL,NULL,NULL,NULL,77),(721,46,'1431',NULL,NULL,NULL,NULL,NULL,77),(722,46,'1432',NULL,NULL,NULL,NULL,NULL,77),(723,46,'1433',NULL,NULL,NULL,NULL,NULL,77),(724,46,'1434',NULL,NULL,NULL,NULL,NULL,77),(725,46,'1435',NULL,NULL,NULL,NULL,NULL,77),(726,46,'1436',NULL,NULL,NULL,NULL,NULL,77),(727,46,'1437',NULL,NULL,NULL,NULL,NULL,77),(728,46,'1438',NULL,NULL,NULL,NULL,NULL,77),(729,46,'1439',NULL,NULL,NULL,NULL,NULL,77),(730,46,'1440',NULL,NULL,NULL,NULL,NULL,77),(731,46,'1441',NULL,NULL,NULL,NULL,NULL,77),(732,46,'1442',NULL,NULL,NULL,NULL,NULL,77),(733,46,'1443',NULL,NULL,NULL,NULL,NULL,77),(734,46,'1444',NULL,NULL,NULL,NULL,NULL,77),(735,46,'1445',NULL,NULL,NULL,NULL,NULL,77),(736,46,'1446',NULL,NULL,NULL,NULL,NULL,77),(737,46,'1447',NULL,NULL,NULL,NULL,NULL,77),(738,46,'1448',NULL,NULL,NULL,NULL,NULL,77),(739,46,'1449',NULL,NULL,NULL,NULL,NULL,77),(740,46,'1450',NULL,NULL,NULL,NULL,NULL,77),(741,46,'1451',NULL,NULL,NULL,NULL,NULL,77),(742,46,'1452',NULL,NULL,NULL,NULL,NULL,77),(743,46,'1453',NULL,NULL,NULL,NULL,NULL,77),(744,46,'1454',NULL,NULL,NULL,NULL,NULL,77),(745,46,'1455',NULL,NULL,NULL,NULL,NULL,77),(746,46,'1456',NULL,NULL,NULL,NULL,NULL,77),(747,46,'1457',NULL,NULL,NULL,NULL,NULL,77),(748,46,'1458',NULL,NULL,NULL,NULL,NULL,77),(749,46,'1459',NULL,NULL,NULL,NULL,NULL,77),(750,46,'1460',NULL,NULL,NULL,NULL,NULL,77),(751,46,'1461',NULL,NULL,NULL,NULL,NULL,77),(752,46,'1462',NULL,NULL,NULL,NULL,NULL,77),(753,46,'1463',NULL,NULL,NULL,NULL,NULL,77),(754,46,'1464',NULL,NULL,NULL,NULL,NULL,77),(755,46,'1465',NULL,NULL,NULL,NULL,NULL,77),(756,46,'1466',NULL,NULL,NULL,NULL,NULL,77),(757,46,'1467',NULL,NULL,NULL,NULL,NULL,77),(758,46,'1468',NULL,NULL,NULL,NULL,NULL,77),(759,46,'1469',NULL,NULL,NULL,NULL,NULL,77),(760,46,'1470',NULL,NULL,NULL,NULL,NULL,77),(761,46,'1471',NULL,NULL,NULL,NULL,NULL,77),(762,46,'1472',NULL,NULL,NULL,NULL,NULL,77),(763,46,'1473',NULL,NULL,NULL,NULL,NULL,77),(764,46,'1474',NULL,NULL,NULL,NULL,NULL,77),(765,46,'1475',NULL,NULL,NULL,NULL,NULL,77),(766,46,'1476',NULL,NULL,NULL,NULL,NULL,77),(767,46,'1477',NULL,NULL,NULL,NULL,NULL,77),(768,46,'1478',NULL,NULL,NULL,NULL,NULL,77),(769,46,'1479',NULL,NULL,NULL,NULL,NULL,77),(770,46,'1480',NULL,NULL,NULL,NULL,NULL,77),(771,46,'1481',NULL,NULL,NULL,NULL,NULL,77),(772,46,'1482',NULL,NULL,NULL,NULL,NULL,77),(773,46,'1483',NULL,NULL,NULL,NULL,NULL,77),(774,46,'1484',NULL,NULL,NULL,NULL,NULL,77),(775,46,'1485',NULL,NULL,NULL,NULL,NULL,77),(776,46,'1486',NULL,NULL,NULL,NULL,NULL,77),(777,46,'1487',NULL,NULL,NULL,NULL,NULL,77),(778,46,'1488',NULL,NULL,NULL,NULL,NULL,77),(779,46,'1489',NULL,NULL,NULL,NULL,NULL,77),(780,46,'1490',NULL,NULL,NULL,NULL,NULL,77),(781,46,'1491',NULL,NULL,NULL,NULL,NULL,77),(782,46,'1492',NULL,NULL,NULL,NULL,NULL,77),(783,46,'1493',NULL,NULL,NULL,NULL,NULL,77),(784,46,'1494',NULL,NULL,NULL,NULL,NULL,77),(785,46,'1495',NULL,NULL,NULL,NULL,NULL,77),(786,46,'1496',NULL,NULL,NULL,NULL,NULL,77),(787,46,'1497',NULL,NULL,NULL,NULL,NULL,77),(788,46,'1498',NULL,NULL,NULL,NULL,NULL,77),(789,46,'1499',NULL,NULL,NULL,NULL,NULL,77),(790,46,'1500',NULL,NULL,NULL,NULL,NULL,77),(791,46,'181','刘玉坤',1,0,13,'1',78),(792,46,'182','孙磊',1,0,13,'1',78),(793,46,'183','王群涛',1,0,13,'11',78),(794,46,'184','周美',0,0,14,'1;13',78),(795,46,'185','孟旭红',1,0,13,'11;12',78),(796,46,'186','乔祥杰',1,0,13,'12;13',78),(797,46,'187','唐亮',1,0,13,'1',78),(798,46,'188','张开',1,0,13,'11',78),(799,46,'189','李锐杰',1,0,13,'13',78),(800,46,'190','冯春玲',1,0,13,'11',78),(801,46,'191','吴颖',0,0,14,'1',78),(802,46,'192','孙红艳',0,0,14,'12',78),(803,46,'193','赵静',0,0,14,'11',78),(804,46,'194','赵文阁',0,0,14,'11;12',78),(805,46,'195','杨凯旋',0,0,14,'12',78),(806,46,'196','崔建红',0,0,14,'13',78),(807,46,'197','李彤',0,0,14,'1;12',78),(808,46,'198','马金环',0,0,14,'13',78),(809,46,'199','王磊',0,0,14,'13',78),(810,46,'200','贾敏敏',0,0,14,'12',78),(811,46,'201',NULL,NULL,NULL,NULL,NULL,78),(812,46,'202',NULL,NULL,NULL,NULL,NULL,78),(813,46,'203',NULL,NULL,NULL,NULL,NULL,78),(814,46,'204',NULL,NULL,NULL,NULL,NULL,78),(815,46,'205',NULL,NULL,NULL,NULL,NULL,78),(816,46,'206',NULL,NULL,NULL,NULL,NULL,78),(817,46,'207',NULL,NULL,NULL,NULL,NULL,78),(818,46,'208',NULL,NULL,NULL,NULL,NULL,78),(819,46,'209',NULL,NULL,NULL,NULL,NULL,78),(820,46,'210',NULL,NULL,NULL,NULL,NULL,78),(821,46,'211',NULL,NULL,NULL,NULL,NULL,78),(822,46,'212',NULL,NULL,NULL,NULL,NULL,78),(823,46,'213',NULL,NULL,NULL,NULL,NULL,78),(824,46,'214',NULL,NULL,NULL,NULL,NULL,78),(825,46,'215',NULL,NULL,NULL,NULL,NULL,78),(826,46,'216',NULL,NULL,NULL,NULL,NULL,78),(827,46,'217',NULL,NULL,NULL,NULL,NULL,78),(828,46,'218',NULL,NULL,NULL,NULL,NULL,78),(829,46,'219',NULL,NULL,NULL,NULL,NULL,78),(830,46,'220',NULL,NULL,NULL,NULL,NULL,78),(831,49,'301','张先林',1,0,13,'1;11',83),(832,49,'302','常建立',1,0,13,'12',83),(833,49,'303','王毅',1,0,13,'11',83),(834,49,'304','陈益民',1,0,13,'1;12',83),(835,49,'305','李学军',1,0,13,'11;13',83),(836,49,'306','李岩',1,0,13,'1;12',83),(837,49,'307','薛永',1,0,13,'11;12',83),(838,49,'308','杨晓光',1,0,13,'1;13',83),(839,49,'309','赵志平',1,0,13,'12;13',83),(840,49,'310','谷军明',1,0,13,'1;13',83),(841,49,'311','刘玉',0,0,14,'1;11',83),(842,49,'312','杨小青',0,0,14,'11;12',83),(843,49,'313','孟玲玲',0,0,14,'12;13',83),(844,49,'314','刘芳',0,0,14,'11',83),(845,49,'315','李占巧',0,0,14,'12',83),(846,49,'316','史瑞英',0,0,14,'1;11',83),(847,49,'317','郭芳',0,0,14,'1;13',83),(848,49,'318','红艳',0,0,14,'1;11',83),(849,49,'319','素花',0,0,14,'1;13',83),(850,49,'320','王云',0,0,14,'11;12',83),(851,49,'321',NULL,NULL,NULL,NULL,NULL,83),(852,49,'322',NULL,NULL,NULL,NULL,NULL,83),(853,49,'323',NULL,NULL,NULL,NULL,NULL,83),(854,49,'324',NULL,NULL,NULL,NULL,NULL,83),(855,49,'325',NULL,NULL,NULL,NULL,NULL,83),(856,49,'326',NULL,NULL,NULL,NULL,NULL,83),(857,49,'327',NULL,NULL,NULL,NULL,NULL,83),(858,49,'328',NULL,NULL,NULL,NULL,NULL,83),(859,49,'329',NULL,NULL,NULL,NULL,NULL,83),(860,49,'330',NULL,NULL,NULL,NULL,NULL,83),(861,49,'331',NULL,NULL,NULL,NULL,NULL,83),(862,49,'332',NULL,NULL,NULL,NULL,NULL,83),(863,49,'333',NULL,NULL,NULL,NULL,NULL,83),(864,49,'334',NULL,NULL,NULL,NULL,NULL,83),(865,49,'335',NULL,NULL,NULL,NULL,NULL,83),(866,49,'336',NULL,NULL,NULL,NULL,NULL,83),(867,49,'337',NULL,NULL,NULL,NULL,NULL,83),(868,49,'338',NULL,NULL,NULL,NULL,NULL,83),(869,49,'339',NULL,NULL,NULL,NULL,NULL,83),(870,49,'340',NULL,NULL,NULL,NULL,NULL,83),(871,45,'141','刘骥',1,0,13,'1;11',76),(872,45,'142','刘少坤',1,0,13,'11;12',76),(873,45,'143','宫伟娅',0,0,14,'1;13',76),(874,45,'144','刘彦华',0,0,14,'11;13',76),(875,45,'145','孙勇毅',1,0,13,'1;12',76),(876,45,'146','高旭辉',0,0,14,'1;12',76),(877,45,'147','段桂英',0,0,14,'11;13',76),(878,45,'148','张现峰',1,0,13,'1;12',76),(879,45,'149','石彦杰',1,0,13,'11;13',76),(880,45,'150','田芳',0,0,14,'1;12',76),(881,45,'151','吕新平',1,0,13,'11;13',76),(882,45,'152','张晓玲',0,0,14,'1;12',76),(883,45,'153',NULL,NULL,NULL,NULL,NULL,76),(884,45,'154',NULL,NULL,NULL,NULL,NULL,76),(885,45,'155',NULL,NULL,NULL,NULL,NULL,76),(886,45,'156',NULL,NULL,NULL,NULL,NULL,76),(887,45,'157',NULL,NULL,NULL,NULL,NULL,76),(888,45,'158',NULL,NULL,NULL,NULL,NULL,76),(889,45,'159',NULL,NULL,NULL,NULL,NULL,76),(890,45,'160',NULL,NULL,NULL,NULL,NULL,76),(891,45,'161',NULL,NULL,NULL,NULL,NULL,76),(892,45,'162',NULL,NULL,NULL,NULL,NULL,76),(893,45,'163',NULL,NULL,NULL,NULL,NULL,76),(894,45,'164',NULL,NULL,NULL,NULL,NULL,76),(895,45,'165',NULL,NULL,NULL,NULL,NULL,76),(896,45,'166',NULL,NULL,NULL,NULL,NULL,76),(897,45,'167',NULL,NULL,NULL,NULL,NULL,76),(898,45,'168',NULL,NULL,NULL,NULL,NULL,76),(899,45,'169',NULL,NULL,NULL,NULL,NULL,76),(900,45,'170',NULL,NULL,NULL,NULL,NULL,76),(901,45,'171',NULL,NULL,NULL,NULL,NULL,76),(902,45,'172',NULL,NULL,NULL,NULL,NULL,76),(903,45,'173',NULL,NULL,NULL,NULL,NULL,76),(904,45,'174',NULL,NULL,NULL,NULL,NULL,76),(905,45,'175',NULL,NULL,NULL,NULL,NULL,76),(906,45,'176',NULL,NULL,NULL,NULL,NULL,76),(907,45,'177',NULL,NULL,NULL,NULL,NULL,76),(908,45,'178',NULL,NULL,NULL,NULL,NULL,76),(909,45,'179',NULL,NULL,NULL,NULL,NULL,76),(910,45,'180',NULL,NULL,NULL,NULL,NULL,76),(911,47,'1501','吕乐',1,1,11,'1;2',79),(912,47,'1502','王充',1,1,11,'1;2',79),(913,47,'1503','李生',1,1,11,'1;2',79),(914,47,'1504','赵雪',1,1,11,'1;2',79),(915,47,'1505','赵俊杰',1,1,11,'3;4',79),(916,47,'1506','赵东',1,1,11,'3;4',79),(917,47,'1507','赵楠',1,1,11,'10',79),(918,47,'1508','赵茜',1,1,11,'2',79),(919,47,'1509','赵贝',1,1,11,'1;10',79),(920,47,'1510','程子云',1,1,11,'1;2',79),(921,47,'1511','张燕',0,1,12,'1;2',79),(922,47,'1512','何倩',0,1,12,'1;2',79),(923,47,'1513','刘静',0,1,12,'1;2',79),(924,47,'1514','王平',0,1,12,'1;2',79),(925,47,'1515','程子云',0,1,12,'3;4',79),(926,47,'1516','信雪云',0,1,12,'3;4',79),(927,47,'1517','刘月赏',0,1,12,'3;4',79),(928,47,'1518','范小举',0,1,12,'3;4',79),(929,47,'1519','赵晓芳',0,1,12,'5;6',79),(930,47,'1520','王宇',0,1,12,'5;6',79),(931,47,'1521',NULL,NULL,NULL,NULL,NULL,79),(932,47,'1522',NULL,NULL,NULL,NULL,NULL,79),(933,47,'1523',NULL,NULL,NULL,NULL,NULL,79),(934,47,'1524',NULL,NULL,NULL,NULL,NULL,79),(935,47,'1525',NULL,NULL,NULL,NULL,NULL,79),(936,47,'1526',NULL,NULL,NULL,NULL,NULL,79),(937,47,'1527',NULL,NULL,NULL,NULL,NULL,79),(938,47,'1528',NULL,NULL,NULL,NULL,NULL,79),(939,47,'1529',NULL,NULL,NULL,NULL,NULL,79),(940,47,'1530',NULL,NULL,NULL,NULL,NULL,79),(941,47,'1531',NULL,NULL,NULL,NULL,NULL,79),(942,47,'1532',NULL,NULL,NULL,NULL,NULL,79),(943,47,'1533',NULL,NULL,NULL,NULL,NULL,79),(944,47,'1534',NULL,NULL,NULL,NULL,NULL,79),(945,47,'1535',NULL,NULL,NULL,NULL,NULL,79),(946,47,'1536',NULL,NULL,NULL,NULL,NULL,79),(947,47,'1537',NULL,NULL,NULL,NULL,NULL,79),(948,47,'1538',NULL,NULL,NULL,NULL,NULL,79),(949,47,'1539',NULL,NULL,NULL,NULL,NULL,79),(950,47,'1540',NULL,NULL,NULL,NULL,NULL,79),(951,47,'1541',NULL,NULL,NULL,NULL,NULL,79),(952,47,'1542',NULL,NULL,NULL,NULL,NULL,79),(953,47,'1543',NULL,NULL,NULL,NULL,NULL,79),(954,47,'1544',NULL,NULL,NULL,NULL,NULL,79),(955,47,'1545',NULL,NULL,NULL,NULL,NULL,79),(956,47,'1546',NULL,NULL,NULL,NULL,NULL,79),(957,47,'1547',NULL,NULL,NULL,NULL,NULL,79),(958,47,'1548',NULL,NULL,NULL,NULL,NULL,79),(959,47,'1549',NULL,NULL,NULL,NULL,NULL,79),(960,47,'1550',NULL,NULL,NULL,NULL,NULL,79),(961,47,'1551',NULL,NULL,NULL,NULL,NULL,79),(962,47,'1552',NULL,NULL,NULL,NULL,NULL,79),(963,47,'1553',NULL,NULL,NULL,NULL,NULL,79),(964,47,'1554',NULL,NULL,NULL,NULL,NULL,79),(965,47,'1555',NULL,NULL,NULL,NULL,NULL,79),(966,47,'1556',NULL,NULL,NULL,NULL,NULL,79),(967,47,'1557',NULL,NULL,NULL,NULL,NULL,79),(968,47,'1558',NULL,NULL,NULL,NULL,NULL,79),(969,47,'1559',NULL,NULL,NULL,NULL,NULL,79),(970,47,'1560',NULL,NULL,NULL,NULL,NULL,79),(971,47,'1561',NULL,NULL,NULL,NULL,NULL,79),(972,47,'1562',NULL,NULL,NULL,NULL,NULL,79),(973,47,'1563',NULL,NULL,NULL,NULL,NULL,79),(974,47,'1564',NULL,NULL,NULL,NULL,NULL,79),(975,47,'1565',NULL,NULL,NULL,NULL,NULL,79),(976,47,'1566',NULL,NULL,NULL,NULL,NULL,79),(977,47,'1567',NULL,NULL,NULL,NULL,NULL,79),(978,47,'1568',NULL,NULL,NULL,NULL,NULL,79),(979,47,'1569',NULL,NULL,NULL,NULL,NULL,79),(980,47,'1570',NULL,NULL,NULL,NULL,NULL,79),(981,47,'1571',NULL,NULL,NULL,NULL,NULL,79),(982,47,'1572',NULL,NULL,NULL,NULL,NULL,79),(983,47,'1573',NULL,NULL,NULL,NULL,NULL,79),(984,47,'1574',NULL,NULL,NULL,NULL,NULL,79),(985,47,'1575',NULL,NULL,NULL,NULL,NULL,79),(986,47,'1576',NULL,NULL,NULL,NULL,NULL,79),(987,47,'1577',NULL,NULL,NULL,NULL,NULL,79),(988,47,'1578',NULL,NULL,NULL,NULL,NULL,79),(989,47,'1579',NULL,NULL,NULL,NULL,NULL,79),(990,47,'1580',NULL,NULL,NULL,NULL,NULL,79),(991,47,'1581',NULL,NULL,NULL,NULL,NULL,79),(992,47,'1582',NULL,NULL,NULL,NULL,NULL,79),(993,47,'1583',NULL,NULL,NULL,NULL,NULL,79),(994,47,'1584',NULL,NULL,NULL,NULL,NULL,79),(995,47,'1585',NULL,NULL,NULL,NULL,NULL,79),(996,47,'1586',NULL,NULL,NULL,NULL,NULL,79),(997,47,'1587',NULL,NULL,NULL,NULL,NULL,79),(998,47,'1588',NULL,NULL,NULL,NULL,NULL,79),(999,47,'1589',NULL,NULL,NULL,NULL,NULL,79),(1000,47,'1590',NULL,NULL,NULL,NULL,NULL,79),(1001,47,'1591',NULL,NULL,NULL,NULL,NULL,79),(1002,47,'1592',NULL,NULL,NULL,NULL,NULL,79),(1003,47,'1593',NULL,NULL,NULL,NULL,NULL,79),(1004,47,'1594',NULL,NULL,NULL,NULL,NULL,79),(1005,47,'1595',NULL,NULL,NULL,NULL,NULL,79),(1006,47,'1596',NULL,NULL,NULL,NULL,NULL,79),(1007,47,'1597',NULL,NULL,NULL,NULL,NULL,79),(1008,47,'1598',NULL,NULL,NULL,NULL,NULL,79),(1009,47,'1599',NULL,NULL,NULL,NULL,NULL,79),(1010,47,'1600',NULL,NULL,NULL,NULL,NULL,79),(1011,47,'1601',NULL,NULL,NULL,NULL,NULL,79),(1012,47,'1602',NULL,NULL,NULL,NULL,NULL,79),(1013,47,'1603',NULL,NULL,NULL,NULL,NULL,79),(1014,47,'1604',NULL,NULL,NULL,NULL,NULL,79),(1015,47,'1605',NULL,NULL,NULL,NULL,NULL,79),(1016,47,'1606',NULL,NULL,NULL,NULL,NULL,79),(1017,47,'1607',NULL,NULL,NULL,NULL,NULL,79),(1018,47,'1608',NULL,NULL,NULL,NULL,NULL,79),(1019,47,'1609',NULL,NULL,NULL,NULL,NULL,79),(1020,47,'1610',NULL,NULL,NULL,NULL,NULL,79),(1021,47,'1611',NULL,NULL,NULL,NULL,NULL,79),(1022,47,'1612',NULL,NULL,NULL,NULL,NULL,79),(1023,47,'1613',NULL,NULL,NULL,NULL,NULL,79),(1024,47,'1614',NULL,NULL,NULL,NULL,NULL,79),(1025,47,'1615',NULL,NULL,NULL,NULL,NULL,79),(1026,47,'1616',NULL,NULL,NULL,NULL,NULL,79),(1027,47,'1617',NULL,NULL,NULL,NULL,NULL,79),(1028,47,'1618',NULL,NULL,NULL,NULL,NULL,79),(1029,47,'1619',NULL,NULL,NULL,NULL,NULL,79),(1030,47,'1620',NULL,NULL,NULL,NULL,NULL,79),(1031,47,'1621',NULL,NULL,NULL,NULL,NULL,79),(1032,47,'1622',NULL,NULL,NULL,NULL,NULL,79),(1033,47,'1623',NULL,NULL,NULL,NULL,NULL,79),(1034,47,'1624',NULL,NULL,NULL,NULL,NULL,79),(1035,47,'1625',NULL,NULL,NULL,NULL,NULL,79),(1036,47,'1626',NULL,NULL,NULL,NULL,NULL,79),(1037,47,'1627',NULL,NULL,NULL,NULL,NULL,79),(1038,47,'1628',NULL,NULL,NULL,NULL,NULL,79),(1039,47,'1629',NULL,NULL,NULL,NULL,NULL,79),(1040,47,'1630',NULL,NULL,NULL,NULL,NULL,79),(1041,47,'1631',NULL,NULL,NULL,NULL,NULL,79),(1042,47,'1632',NULL,NULL,NULL,NULL,NULL,79),(1043,47,'1633',NULL,NULL,NULL,NULL,NULL,79),(1044,47,'1634',NULL,NULL,NULL,NULL,NULL,79),(1045,47,'1635',NULL,NULL,NULL,NULL,NULL,79),(1046,47,'1636',NULL,NULL,NULL,NULL,NULL,79),(1047,47,'1637',NULL,NULL,NULL,NULL,NULL,79),(1048,47,'1638',NULL,NULL,NULL,NULL,NULL,79),(1049,47,'1639',NULL,NULL,NULL,NULL,NULL,79),(1050,47,'1640',NULL,NULL,NULL,NULL,NULL,79),(1051,47,'1641',NULL,NULL,NULL,NULL,NULL,79),(1052,47,'1642',NULL,NULL,NULL,NULL,NULL,79),(1053,47,'1643',NULL,NULL,NULL,NULL,NULL,79),(1054,47,'1644',NULL,NULL,NULL,NULL,NULL,79),(1055,47,'1645',NULL,NULL,NULL,NULL,NULL,79),(1056,47,'1646',NULL,NULL,NULL,NULL,NULL,79),(1057,47,'1647',NULL,NULL,NULL,NULL,NULL,79),(1058,47,'1648',NULL,NULL,NULL,NULL,NULL,79),(1059,47,'1649',NULL,NULL,NULL,NULL,NULL,79),(1060,47,'1650',NULL,NULL,NULL,NULL,NULL,79),(1061,47,'1651',NULL,NULL,NULL,NULL,NULL,79),(1062,47,'1652',NULL,NULL,NULL,NULL,NULL,79),(1063,47,'1653',NULL,NULL,NULL,NULL,NULL,79),(1064,47,'1654',NULL,NULL,NULL,NULL,NULL,79),(1065,47,'1655',NULL,NULL,NULL,NULL,NULL,79),(1066,47,'1656',NULL,NULL,NULL,NULL,NULL,79),(1067,47,'1657',NULL,NULL,NULL,NULL,NULL,79),(1068,47,'1658',NULL,NULL,NULL,NULL,NULL,79),(1069,47,'1659',NULL,NULL,NULL,NULL,NULL,79),(1070,47,'1660',NULL,NULL,NULL,NULL,NULL,79),(1071,47,'1661',NULL,NULL,NULL,NULL,NULL,79),(1072,47,'1662',NULL,NULL,NULL,NULL,NULL,79),(1073,47,'1663',NULL,NULL,NULL,NULL,NULL,79),(1074,47,'1664',NULL,NULL,NULL,NULL,NULL,79),(1075,47,'1665',NULL,NULL,NULL,NULL,NULL,79),(1076,47,'1666',NULL,NULL,NULL,NULL,NULL,79),(1077,47,'1667',NULL,NULL,NULL,NULL,NULL,79),(1078,47,'1668',NULL,NULL,NULL,NULL,NULL,79),(1079,47,'1669',NULL,NULL,NULL,NULL,NULL,79),(1080,47,'1670',NULL,NULL,NULL,NULL,NULL,79),(1081,47,'1671',NULL,NULL,NULL,NULL,NULL,79),(1082,47,'1672',NULL,NULL,NULL,NULL,NULL,79),(1083,47,'1673',NULL,NULL,NULL,NULL,NULL,79),(1084,47,'1674',NULL,NULL,NULL,NULL,NULL,79),(1085,47,'1675',NULL,NULL,NULL,NULL,NULL,79),(1086,47,'1676',NULL,NULL,NULL,NULL,NULL,79),(1087,47,'1677',NULL,NULL,NULL,NULL,NULL,79),(1088,47,'1678',NULL,NULL,NULL,NULL,NULL,79),(1089,47,'1679',NULL,NULL,NULL,NULL,NULL,79),(1090,47,'1680',NULL,NULL,NULL,NULL,NULL,79),(1091,47,'1681',NULL,NULL,NULL,NULL,NULL,79),(1092,47,'1682',NULL,NULL,NULL,NULL,NULL,79),(1093,47,'1683',NULL,NULL,NULL,NULL,NULL,79),(1094,47,'1684',NULL,NULL,NULL,NULL,NULL,79),(1095,47,'1685',NULL,NULL,NULL,NULL,NULL,79),(1096,47,'1686',NULL,NULL,NULL,NULL,NULL,79),(1097,47,'1687',NULL,NULL,NULL,NULL,NULL,79),(1098,47,'1688',NULL,NULL,NULL,NULL,NULL,79),(1099,47,'1689',NULL,NULL,NULL,NULL,NULL,79),(1100,47,'1690',NULL,NULL,NULL,NULL,NULL,79),(1101,47,'1691',NULL,NULL,NULL,NULL,NULL,79),(1102,47,'1692',NULL,NULL,NULL,NULL,NULL,79),(1103,47,'1693',NULL,NULL,NULL,NULL,NULL,79),(1104,47,'1694',NULL,NULL,NULL,NULL,NULL,79),(1105,47,'1695',NULL,NULL,NULL,NULL,NULL,79),(1106,47,'1696',NULL,NULL,NULL,NULL,NULL,79),(1107,47,'1697',NULL,NULL,NULL,NULL,NULL,79),(1108,47,'1698',NULL,NULL,NULL,NULL,NULL,79),(1109,47,'1699',NULL,NULL,NULL,NULL,NULL,79),(1110,47,'1700',NULL,NULL,NULL,NULL,NULL,79),(1111,47,'1701',NULL,NULL,NULL,NULL,NULL,79),(1112,47,'1702',NULL,NULL,NULL,NULL,NULL,79),(1113,47,'1703',NULL,NULL,NULL,NULL,NULL,79),(1114,47,'1704',NULL,NULL,NULL,NULL,NULL,79),(1115,47,'1705',NULL,NULL,NULL,NULL,NULL,79),(1116,47,'1706',NULL,NULL,NULL,NULL,NULL,79),(1117,47,'1707',NULL,NULL,NULL,NULL,NULL,79),(1118,47,'1708',NULL,NULL,NULL,NULL,NULL,79),(1119,47,'1709',NULL,NULL,NULL,NULL,NULL,79),(1120,47,'1710',NULL,NULL,NULL,NULL,NULL,79),(1121,47,'1711',NULL,NULL,NULL,NULL,NULL,79),(1122,47,'1712',NULL,NULL,NULL,NULL,NULL,79),(1123,47,'1713',NULL,NULL,NULL,NULL,NULL,79),(1124,47,'1714',NULL,NULL,NULL,NULL,NULL,79),(1125,47,'1715',NULL,NULL,NULL,NULL,NULL,79),(1126,47,'1716',NULL,NULL,NULL,NULL,NULL,79),(1127,47,'1717',NULL,NULL,NULL,NULL,NULL,79),(1128,47,'1718',NULL,NULL,NULL,NULL,NULL,79),(1129,47,'1719',NULL,NULL,NULL,NULL,NULL,79),(1130,47,'1720',NULL,NULL,NULL,NULL,NULL,79),(1131,47,'1721',NULL,NULL,NULL,NULL,NULL,79),(1132,47,'1722',NULL,NULL,NULL,NULL,NULL,79),(1133,47,'1723',NULL,NULL,NULL,NULL,NULL,79),(1134,47,'1724',NULL,NULL,NULL,NULL,NULL,79),(1135,47,'1725',NULL,NULL,NULL,NULL,NULL,79),(1136,47,'1726',NULL,NULL,NULL,NULL,NULL,79),(1137,47,'1727',NULL,NULL,NULL,NULL,NULL,79),(1138,47,'1728',NULL,NULL,NULL,NULL,NULL,79),(1139,47,'1729',NULL,NULL,NULL,NULL,NULL,79),(1140,47,'1730',NULL,NULL,NULL,NULL,NULL,79),(1141,47,'1731',NULL,NULL,NULL,NULL,NULL,79),(1142,47,'1732',NULL,NULL,NULL,NULL,NULL,79),(1143,47,'1733',NULL,NULL,NULL,NULL,NULL,79),(1144,47,'1734',NULL,NULL,NULL,NULL,NULL,79),(1145,47,'1735',NULL,NULL,NULL,NULL,NULL,79),(1146,47,'1736',NULL,NULL,NULL,NULL,NULL,79),(1147,47,'1737',NULL,NULL,NULL,NULL,NULL,79),(1148,47,'1738',NULL,NULL,NULL,NULL,NULL,79),(1149,47,'1739',NULL,NULL,NULL,NULL,NULL,79),(1150,47,'1740',NULL,NULL,NULL,NULL,NULL,79),(1151,47,'1741',NULL,NULL,NULL,NULL,NULL,79),(1152,47,'1742',NULL,NULL,NULL,NULL,NULL,79),(1153,47,'1743',NULL,NULL,NULL,NULL,NULL,79),(1154,47,'1744',NULL,NULL,NULL,NULL,NULL,79),(1155,47,'1745',NULL,NULL,NULL,NULL,NULL,79),(1156,47,'1746',NULL,NULL,NULL,NULL,NULL,79),(1157,47,'1747',NULL,NULL,NULL,NULL,NULL,79),(1158,47,'1748',NULL,NULL,NULL,NULL,NULL,79),(1159,47,'1749',NULL,NULL,NULL,NULL,NULL,79),(1160,47,'1750',NULL,NULL,NULL,NULL,NULL,79),(1161,47,'221','赵煌',1,0,13,'1;11',80),(1162,47,'222','赵超',1,0,13,'1;11',80),(1163,47,'223','李双',1,0,13,'1;11',80),(1164,47,'224','王亚辉',1,0,13,'12;13',80),(1165,47,'225','王亚东',1,0,13,'12;13',80),(1166,47,'226','何静',0,0,14,'1;11',80),(1167,47,'227','李二牛',1,0,13,'12',80),(1168,47,'228',NULL,NULL,NULL,NULL,NULL,80),(1169,47,'229','何东',1,0,13,'11',80),(1170,47,'230','何楠',1,0,13,'12;13',80),(1171,47,'231','李楠',0,0,14,'12',80),(1172,47,'232','王冰冰',0,0,14,'13',80),(1173,47,'233','韩丽',0,0,14,'11;13',80),(1174,47,'234','韩璐',0,0,14,'12',80),(1175,47,'235',NULL,NULL,NULL,NULL,NULL,80),(1176,47,'236','马楠',0,0,14,'11',80),(1177,47,'237','王斌',0,0,14,'1',80),(1178,47,'238',NULL,NULL,NULL,NULL,NULL,80),(1179,47,'239',NULL,NULL,NULL,NULL,NULL,80),(1180,47,'240',NULL,NULL,NULL,NULL,NULL,80),(1181,47,'241',NULL,NULL,NULL,NULL,NULL,80),(1182,47,'242',NULL,NULL,NULL,NULL,NULL,80),(1183,47,'243',NULL,NULL,NULL,NULL,NULL,80),(1184,47,'244',NULL,NULL,NULL,NULL,NULL,80),(1185,47,'245',NULL,NULL,NULL,NULL,NULL,80),(1186,47,'246',NULL,NULL,NULL,NULL,NULL,80),(1187,47,'247',NULL,NULL,NULL,NULL,NULL,80),(1188,47,'248',NULL,NULL,NULL,NULL,NULL,80),(1189,47,'249',NULL,NULL,NULL,NULL,NULL,80),(1190,47,'250',NULL,NULL,NULL,NULL,NULL,80),(1191,47,'251',NULL,NULL,NULL,NULL,NULL,80),(1192,47,'252',NULL,NULL,NULL,NULL,NULL,80),(1193,47,'253',NULL,NULL,NULL,NULL,NULL,80),(1194,47,'254',NULL,NULL,NULL,NULL,NULL,80),(1195,47,'255',NULL,NULL,NULL,NULL,NULL,80),(1196,47,'256',NULL,NULL,NULL,NULL,NULL,80),(1197,47,'257',NULL,NULL,NULL,NULL,NULL,80),(1198,47,'258',NULL,NULL,NULL,NULL,NULL,80),(1199,47,'259',NULL,NULL,NULL,NULL,NULL,80),(1200,47,'260',NULL,NULL,NULL,NULL,NULL,80),(1201,58,'101',NULL,NULL,NULL,NULL,NULL,95),(1202,58,'102',NULL,NULL,NULL,NULL,NULL,95),(1203,58,'103',NULL,NULL,NULL,NULL,NULL,95),(1204,58,'104',NULL,NULL,NULL,NULL,NULL,95),(1205,58,'105',NULL,NULL,NULL,NULL,NULL,95),(1206,58,'106',NULL,NULL,NULL,NULL,NULL,95),(1207,58,'107',NULL,NULL,NULL,NULL,NULL,95),(1208,58,'108',NULL,NULL,NULL,NULL,NULL,95),(1209,58,'109',NULL,NULL,NULL,NULL,NULL,95),(1210,58,'110',NULL,NULL,NULL,NULL,NULL,95),(1211,58,'111',NULL,NULL,NULL,NULL,NULL,95),(1212,58,'112',NULL,NULL,NULL,NULL,NULL,95),(1213,58,'113',NULL,NULL,NULL,NULL,NULL,95),(1214,58,'114',NULL,NULL,NULL,NULL,NULL,95),(1215,58,'115',NULL,NULL,NULL,NULL,NULL,95),(1216,58,'116',NULL,NULL,NULL,NULL,NULL,95),(1217,58,'117',NULL,NULL,NULL,NULL,NULL,95),(1218,58,'118',NULL,NULL,NULL,NULL,NULL,95),(1219,58,'119',NULL,NULL,NULL,NULL,NULL,95),(1220,58,'120',NULL,NULL,NULL,NULL,NULL,95),(1221,58,'121',NULL,NULL,NULL,NULL,NULL,95),(1222,58,'122',NULL,NULL,NULL,NULL,NULL,95),(1223,58,'123',NULL,NULL,NULL,NULL,NULL,95),(1224,58,'124',NULL,NULL,NULL,NULL,NULL,95),(1225,58,'125',NULL,NULL,NULL,NULL,NULL,95),(1226,58,'126',NULL,NULL,NULL,NULL,NULL,95),(1227,58,'127',NULL,NULL,NULL,NULL,NULL,95),(1228,58,'128',NULL,NULL,NULL,NULL,NULL,95),(1229,58,'129',NULL,NULL,NULL,NULL,NULL,95),(1230,58,'130',NULL,NULL,NULL,NULL,NULL,95),(1231,58,'131',NULL,NULL,NULL,NULL,NULL,95),(1232,58,'132',NULL,NULL,NULL,NULL,NULL,95),(1233,58,'133',NULL,NULL,NULL,NULL,NULL,95),(1234,58,'134',NULL,NULL,NULL,NULL,NULL,95),(1235,58,'135',NULL,NULL,NULL,NULL,NULL,95),(1236,58,'136',NULL,NULL,NULL,NULL,NULL,95),(1237,58,'137',NULL,NULL,NULL,NULL,NULL,95),(1238,58,'138',NULL,NULL,NULL,NULL,NULL,95),(1239,58,'139',NULL,NULL,NULL,NULL,NULL,95),(1240,58,'140',NULL,NULL,NULL,NULL,NULL,95),(1241,58,'141',NULL,NULL,NULL,NULL,NULL,95),(1242,58,'142',NULL,NULL,NULL,NULL,NULL,95),(1243,58,'143',NULL,NULL,NULL,NULL,NULL,95),(1244,58,'144',NULL,NULL,NULL,NULL,NULL,95),(1245,58,'145',NULL,NULL,NULL,NULL,NULL,95),(1246,58,'146',NULL,NULL,NULL,NULL,NULL,95),(1247,58,'147',NULL,NULL,NULL,NULL,NULL,95),(1248,58,'148',NULL,NULL,NULL,NULL,NULL,95),(1249,58,'149',NULL,NULL,NULL,NULL,NULL,95),(1250,58,'150',NULL,NULL,NULL,NULL,NULL,95),(1251,60,'1251','东东',1,1,11,'1;2',98),(1252,60,'1252','红红',0,1,12,'4;7',98),(1253,60,'1253','烦人的',1,1,11,'1;8',98),(1254,60,'1254','的撒旦',1,1,11,'1;2',98),(1255,60,'1255','而非',1,1,11,'1',98),(1256,60,'1256','丁江涛',1,1,11,'1',98),(1257,60,'1257','芳芳商店',1,1,11,'1',98),(1258,60,'1258','华国锋',1,1,11,'2',98),(1259,60,'1259','回复',1,1,11,'2',98),(1260,60,'1260','更好',1,1,11,'2',98),(1261,60,'1261',NULL,NULL,NULL,NULL,NULL,98),(1262,60,'1262',NULL,NULL,NULL,NULL,NULL,98),(1263,60,'1263',NULL,NULL,NULL,NULL,NULL,98),(1264,60,'1264',NULL,NULL,NULL,NULL,NULL,98),(1265,60,'1265',NULL,NULL,NULL,NULL,NULL,98),(1266,60,'1266',NULL,NULL,NULL,NULL,NULL,98),(1267,60,'1267',NULL,NULL,NULL,NULL,NULL,98),(1268,60,'1268',NULL,NULL,NULL,NULL,NULL,98),(1269,60,'1269',NULL,NULL,NULL,NULL,NULL,98),(1270,60,'1270',NULL,NULL,NULL,NULL,NULL,98),(1271,60,'1271',NULL,NULL,NULL,NULL,NULL,98),(1272,60,'1272',NULL,NULL,NULL,NULL,NULL,98),(1273,60,'1273',NULL,NULL,NULL,NULL,NULL,98),(1274,60,'1274',NULL,NULL,NULL,NULL,NULL,98),(1275,60,'1275',NULL,NULL,NULL,NULL,NULL,98),(1276,60,'1276',NULL,NULL,NULL,NULL,NULL,98),(1277,60,'1277',NULL,NULL,NULL,NULL,NULL,98),(1278,60,'1278',NULL,NULL,NULL,NULL,NULL,98),(1279,60,'1279',NULL,NULL,NULL,NULL,NULL,98),(1280,60,'1280',NULL,NULL,NULL,NULL,NULL,98),(1281,60,'1281',NULL,NULL,NULL,NULL,NULL,98),(1282,60,'1282',NULL,NULL,NULL,NULL,NULL,98),(1283,60,'1283',NULL,NULL,NULL,NULL,NULL,98),(1284,60,'1284',NULL,NULL,NULL,NULL,NULL,98),(1285,60,'1285',NULL,NULL,NULL,NULL,NULL,98),(1286,60,'1286',NULL,NULL,NULL,NULL,NULL,98),(1287,60,'1287',NULL,NULL,NULL,NULL,NULL,98),(1288,60,'1288',NULL,NULL,NULL,NULL,NULL,98),(1289,60,'1289',NULL,NULL,NULL,NULL,NULL,98),(1290,60,'1290',NULL,NULL,NULL,NULL,NULL,98),(1291,60,'1291',NULL,NULL,NULL,NULL,NULL,98),(1292,60,'1292',NULL,NULL,NULL,NULL,NULL,98),(1293,60,'1293',NULL,NULL,NULL,NULL,NULL,98),(1294,60,'1294',NULL,NULL,NULL,NULL,NULL,98),(1295,60,'1295',NULL,NULL,NULL,NULL,NULL,98),(1296,60,'1296',NULL,NULL,NULL,NULL,NULL,98),(1297,60,'1297',NULL,NULL,NULL,NULL,NULL,98),(1298,60,'1298',NULL,NULL,NULL,NULL,NULL,98),(1299,60,'1299',NULL,NULL,NULL,NULL,NULL,98),(1300,60,'1300',NULL,NULL,NULL,NULL,NULL,98),(1301,60,'1301',NULL,NULL,NULL,NULL,NULL,98),(1302,60,'1302',NULL,NULL,NULL,NULL,NULL,98),(1303,60,'1303',NULL,NULL,NULL,NULL,NULL,98),(1304,60,'1304',NULL,NULL,NULL,NULL,NULL,98),(1305,60,'1305',NULL,NULL,NULL,NULL,NULL,98),(1306,60,'1306',NULL,NULL,NULL,NULL,NULL,98),(1307,60,'1307',NULL,NULL,NULL,NULL,NULL,98),(1308,60,'1308',NULL,NULL,NULL,NULL,NULL,98),(1309,60,'1309',NULL,NULL,NULL,NULL,NULL,98),(1310,60,'1310',NULL,NULL,NULL,NULL,NULL,98),(1311,60,'1311',NULL,NULL,NULL,NULL,NULL,98),(1312,60,'1312',NULL,NULL,NULL,NULL,NULL,98),(1313,60,'1313',NULL,NULL,NULL,NULL,NULL,98),(1314,60,'1314',NULL,NULL,NULL,NULL,NULL,98),(1315,60,'1315',NULL,NULL,NULL,NULL,NULL,98),(1316,60,'1316',NULL,NULL,NULL,NULL,NULL,98),(1317,60,'1317',NULL,NULL,NULL,NULL,NULL,98),(1318,60,'1318',NULL,NULL,NULL,NULL,NULL,98),(1319,60,'1319',NULL,NULL,NULL,NULL,NULL,98),(1320,60,'1320',NULL,NULL,NULL,NULL,NULL,98),(1321,60,'1321',NULL,NULL,NULL,NULL,NULL,98),(1322,60,'1322',NULL,NULL,NULL,NULL,NULL,98),(1323,60,'1323',NULL,NULL,NULL,NULL,NULL,98),(1324,60,'1324',NULL,NULL,NULL,NULL,NULL,98),(1325,60,'1325',NULL,NULL,NULL,NULL,NULL,98),(1326,60,'1326',NULL,NULL,NULL,NULL,NULL,98),(1327,60,'1327',NULL,NULL,NULL,NULL,NULL,98),(1328,60,'1328',NULL,NULL,NULL,NULL,NULL,98),(1329,60,'1329',NULL,NULL,NULL,NULL,NULL,98),(1330,60,'1330',NULL,NULL,NULL,NULL,NULL,98),(1331,60,'1331',NULL,NULL,NULL,NULL,NULL,98),(1332,60,'1332',NULL,NULL,NULL,NULL,NULL,98),(1333,60,'1333',NULL,NULL,NULL,NULL,NULL,98),(1334,60,'1334',NULL,NULL,NULL,NULL,NULL,98),(1335,60,'1335',NULL,NULL,NULL,NULL,NULL,98),(1336,60,'1336',NULL,NULL,NULL,NULL,NULL,98),(1337,60,'1337',NULL,NULL,NULL,NULL,NULL,98),(1338,60,'1338',NULL,NULL,NULL,NULL,NULL,98),(1339,60,'1339',NULL,NULL,NULL,NULL,NULL,98),(1340,60,'1340',NULL,NULL,NULL,NULL,NULL,98),(1341,60,'1341',NULL,NULL,NULL,NULL,NULL,98),(1342,60,'1342',NULL,NULL,NULL,NULL,NULL,98),(1343,60,'1343',NULL,NULL,NULL,NULL,NULL,98),(1344,60,'1344',NULL,NULL,NULL,NULL,NULL,98),(1345,60,'1345',NULL,NULL,NULL,NULL,NULL,98),(1346,60,'1346',NULL,NULL,NULL,NULL,NULL,98),(1347,60,'1347',NULL,NULL,NULL,NULL,NULL,98),(1348,60,'1348',NULL,NULL,NULL,NULL,NULL,98),(1349,60,'1349',NULL,NULL,NULL,NULL,NULL,98),(1350,60,'1350',NULL,NULL,NULL,NULL,NULL,98),(1351,60,'1351',NULL,NULL,NULL,NULL,NULL,98),(1352,60,'1352',NULL,NULL,NULL,NULL,NULL,98),(1353,60,'1353',NULL,NULL,NULL,NULL,NULL,98),(1354,60,'1354',NULL,NULL,NULL,NULL,NULL,98),(1355,60,'1355',NULL,NULL,NULL,NULL,NULL,98),(1356,60,'1356',NULL,NULL,NULL,NULL,NULL,98),(1357,60,'1357',NULL,NULL,NULL,NULL,NULL,98),(1358,60,'1358',NULL,NULL,NULL,NULL,NULL,98),(1359,60,'1359',NULL,NULL,NULL,NULL,NULL,98),(1360,60,'1360',NULL,NULL,NULL,NULL,NULL,98),(1361,60,'1361',NULL,NULL,NULL,NULL,NULL,98),(1362,60,'1362',NULL,NULL,NULL,NULL,NULL,98),(1363,60,'1363',NULL,NULL,NULL,NULL,NULL,98),(1364,60,'1364',NULL,NULL,NULL,NULL,NULL,98),(1365,60,'1365',NULL,NULL,NULL,NULL,NULL,98),(1366,60,'1366',NULL,NULL,NULL,NULL,NULL,98),(1367,60,'1367',NULL,NULL,NULL,NULL,NULL,98),(1368,60,'1368',NULL,NULL,NULL,NULL,NULL,98),(1369,60,'1369',NULL,NULL,NULL,NULL,NULL,98),(1370,60,'1370',NULL,NULL,NULL,NULL,NULL,98),(1371,60,'1371',NULL,NULL,NULL,NULL,NULL,98),(1372,60,'1372',NULL,NULL,NULL,NULL,NULL,98),(1373,60,'1373',NULL,NULL,NULL,NULL,NULL,98),(1374,60,'1374',NULL,NULL,NULL,NULL,NULL,98),(1375,60,'1375',NULL,NULL,NULL,NULL,NULL,98),(1376,60,'1376',NULL,NULL,NULL,NULL,NULL,98),(1377,60,'1377',NULL,NULL,NULL,NULL,NULL,98),(1378,60,'1378',NULL,NULL,NULL,NULL,NULL,98),(1379,60,'1379',NULL,NULL,NULL,NULL,NULL,98),(1380,60,'1380',NULL,NULL,NULL,NULL,NULL,98),(1381,60,'1381',NULL,NULL,NULL,NULL,NULL,98),(1382,60,'1382',NULL,NULL,NULL,NULL,NULL,98),(1383,60,'1383',NULL,NULL,NULL,NULL,NULL,98),(1384,60,'1384',NULL,NULL,NULL,NULL,NULL,98),(1385,60,'1385',NULL,NULL,NULL,NULL,NULL,98),(1386,60,'1386',NULL,NULL,NULL,NULL,NULL,98),(1387,60,'1387',NULL,NULL,NULL,NULL,NULL,98),(1388,60,'1388',NULL,NULL,NULL,NULL,NULL,98),(1389,60,'1389',NULL,NULL,NULL,NULL,NULL,98),(1390,60,'1390',NULL,NULL,NULL,NULL,NULL,98),(1391,60,'1391',NULL,NULL,NULL,NULL,NULL,98),(1392,60,'1392',NULL,NULL,NULL,NULL,NULL,98),(1393,60,'1393',NULL,NULL,NULL,NULL,NULL,98),(1394,60,'1394',NULL,NULL,NULL,NULL,NULL,98),(1395,60,'1395',NULL,NULL,NULL,NULL,NULL,98),(1396,60,'1396',NULL,NULL,NULL,NULL,NULL,98),(1397,60,'1397',NULL,NULL,NULL,NULL,NULL,98),(1398,60,'1398',NULL,NULL,NULL,NULL,NULL,98),(1399,60,'1399',NULL,NULL,NULL,NULL,NULL,98),(1400,60,'1400',NULL,NULL,NULL,NULL,NULL,98),(1401,60,'1401',NULL,NULL,NULL,NULL,NULL,98),(1402,60,'1402',NULL,NULL,NULL,NULL,NULL,98),(1403,60,'1403',NULL,NULL,NULL,NULL,NULL,98),(1404,60,'1404',NULL,NULL,NULL,NULL,NULL,98),(1405,60,'1405',NULL,NULL,NULL,NULL,NULL,98),(1406,60,'1406',NULL,NULL,NULL,NULL,NULL,98),(1407,60,'1407',NULL,NULL,NULL,NULL,NULL,98),(1408,60,'1408',NULL,NULL,NULL,NULL,NULL,98),(1409,60,'1409',NULL,NULL,NULL,NULL,NULL,98),(1410,60,'1410',NULL,NULL,NULL,NULL,NULL,98),(1411,60,'1411',NULL,NULL,NULL,NULL,NULL,98),(1412,60,'1412',NULL,NULL,NULL,NULL,NULL,98),(1413,60,'1413',NULL,NULL,NULL,NULL,NULL,98),(1414,60,'1414',NULL,NULL,NULL,NULL,NULL,98),(1415,60,'1415',NULL,NULL,NULL,NULL,NULL,98),(1416,60,'1416',NULL,NULL,NULL,NULL,NULL,98),(1417,60,'1417',NULL,NULL,NULL,NULL,NULL,98),(1418,60,'1418',NULL,NULL,NULL,NULL,NULL,98),(1419,60,'1419',NULL,NULL,NULL,NULL,NULL,98),(1420,60,'1420',NULL,NULL,NULL,NULL,NULL,98),(1421,60,'1421',NULL,NULL,NULL,NULL,NULL,98),(1422,60,'1422',NULL,NULL,NULL,NULL,NULL,98),(1423,60,'1423',NULL,NULL,NULL,NULL,NULL,98),(1424,60,'1424',NULL,NULL,NULL,NULL,NULL,98),(1425,60,'1425',NULL,NULL,NULL,NULL,NULL,98),(1426,60,'1426',NULL,NULL,NULL,NULL,NULL,98),(1427,60,'1427',NULL,NULL,NULL,NULL,NULL,98),(1428,60,'1428',NULL,NULL,NULL,NULL,NULL,98),(1429,60,'1429',NULL,NULL,NULL,NULL,NULL,98),(1430,60,'1430',NULL,NULL,NULL,NULL,NULL,98),(1431,60,'1431',NULL,NULL,NULL,NULL,NULL,98),(1432,60,'1432',NULL,NULL,NULL,NULL,NULL,98),(1433,60,'1433',NULL,NULL,NULL,NULL,NULL,98),(1434,60,'1434',NULL,NULL,NULL,NULL,NULL,98),(1435,60,'1435',NULL,NULL,NULL,NULL,NULL,98),(1436,60,'1436',NULL,NULL,NULL,NULL,NULL,98),(1437,60,'1437',NULL,NULL,NULL,NULL,NULL,98),(1438,60,'1438',NULL,NULL,NULL,NULL,NULL,98),(1439,60,'1439',NULL,NULL,NULL,NULL,NULL,98),(1440,60,'1440',NULL,NULL,NULL,NULL,NULL,98),(1441,60,'1441',NULL,NULL,NULL,NULL,NULL,98),(1442,60,'1442',NULL,NULL,NULL,NULL,NULL,98),(1443,60,'1443',NULL,NULL,NULL,NULL,NULL,98),(1444,60,'1444',NULL,NULL,NULL,NULL,NULL,98),(1445,60,'1445',NULL,NULL,NULL,NULL,NULL,98),(1446,60,'1446',NULL,NULL,NULL,NULL,NULL,98),(1447,60,'1447',NULL,NULL,NULL,NULL,NULL,98),(1448,60,'1448',NULL,NULL,NULL,NULL,NULL,98),(1449,60,'1449',NULL,NULL,NULL,NULL,NULL,98),(1450,60,'1450',NULL,NULL,NULL,NULL,NULL,98),(1451,60,'1451',NULL,NULL,NULL,NULL,NULL,98),(1452,60,'1452',NULL,NULL,NULL,NULL,NULL,98),(1453,60,'1453',NULL,NULL,NULL,NULL,NULL,98),(1454,60,'1454',NULL,NULL,NULL,NULL,NULL,98),(1455,60,'1455',NULL,NULL,NULL,NULL,NULL,98),(1456,60,'1456',NULL,NULL,NULL,NULL,NULL,98),(1457,60,'1457',NULL,NULL,NULL,NULL,NULL,98),(1458,60,'1458',NULL,NULL,NULL,NULL,NULL,98),(1459,60,'1459',NULL,NULL,NULL,NULL,NULL,98),(1460,60,'1460',NULL,NULL,NULL,NULL,NULL,98),(1461,60,'1461',NULL,NULL,NULL,NULL,NULL,98),(1462,60,'1462',NULL,NULL,NULL,NULL,NULL,98),(1463,60,'1463',NULL,NULL,NULL,NULL,NULL,98),(1464,60,'1464',NULL,NULL,NULL,NULL,NULL,98),(1465,60,'1465',NULL,NULL,NULL,NULL,NULL,98),(1466,60,'1466',NULL,NULL,NULL,NULL,NULL,98),(1467,60,'1467',NULL,NULL,NULL,NULL,NULL,98),(1468,60,'1468',NULL,NULL,NULL,NULL,NULL,98),(1469,60,'1469',NULL,NULL,NULL,NULL,NULL,98),(1470,60,'1470',NULL,NULL,NULL,NULL,NULL,98),(1471,60,'1471',NULL,NULL,NULL,NULL,NULL,98),(1472,60,'1472',NULL,NULL,NULL,NULL,NULL,98),(1473,60,'1473',NULL,NULL,NULL,NULL,NULL,98),(1474,60,'1474',NULL,NULL,NULL,NULL,NULL,98),(1475,60,'1475',NULL,NULL,NULL,NULL,NULL,98),(1476,60,'1476',NULL,NULL,NULL,NULL,NULL,98),(1477,60,'1477',NULL,NULL,NULL,NULL,NULL,98),(1478,60,'1478',NULL,NULL,NULL,NULL,NULL,98),(1479,60,'1479',NULL,NULL,NULL,NULL,NULL,98),(1480,60,'1480',NULL,NULL,NULL,NULL,NULL,98),(1481,60,'1481',NULL,NULL,NULL,NULL,NULL,98),(1482,60,'1482',NULL,NULL,NULL,NULL,NULL,98),(1483,60,'1483',NULL,NULL,NULL,NULL,NULL,98),(1484,60,'1484',NULL,NULL,NULL,NULL,NULL,98),(1485,60,'1485',NULL,NULL,NULL,NULL,NULL,98),(1486,60,'1486',NULL,NULL,NULL,NULL,NULL,98),(1487,60,'1487',NULL,NULL,NULL,NULL,NULL,98),(1488,60,'1488',NULL,NULL,NULL,NULL,NULL,98),(1489,60,'1489',NULL,NULL,NULL,NULL,NULL,98),(1490,60,'1490',NULL,NULL,NULL,NULL,NULL,98),(1491,60,'1491',NULL,NULL,NULL,NULL,NULL,98),(1492,60,'1492',NULL,NULL,NULL,NULL,NULL,98),(1493,60,'1493',NULL,NULL,NULL,NULL,NULL,98),(1494,60,'1494',NULL,NULL,NULL,NULL,NULL,98),(1495,60,'1495',NULL,NULL,NULL,NULL,NULL,98),(1496,60,'1496',NULL,NULL,NULL,NULL,NULL,98),(1497,60,'1497',NULL,NULL,NULL,NULL,NULL,98),(1498,60,'1498',NULL,NULL,NULL,NULL,NULL,98),(1499,60,'1499',NULL,NULL,NULL,NULL,NULL,98),(1500,60,'1500',NULL,NULL,NULL,NULL,NULL,98),(1501,60,'201','给对方',1,0,13,'5',99),(1502,60,'202','一',1,0,13,'1',99),(1503,60,'203','啦啦啦',1,0,13,'1',99),(1504,60,'204','与他人',1,0,13,'1',99),(1505,60,'205','解决',1,0,13,'1',99),(1506,60,'206','王兵',1,0,13,'1',99),(1507,60,'207','张晓峰',1,0,13,'1',99),(1508,60,'208','李升',0,0,14,'2',99),(1509,60,'209','赵谦',1,0,13,'2;10',99),(1510,60,'210','姚田',1,0,13,'10',99),(1511,60,'211','刘凯',1,0,13,'2;10',99),(1512,60,'212','吴会政',1,0,13,'2;10',99),(1513,60,'213','赵玲',1,0,13,'2;15',99),(1514,60,'214','刘月赏',1,0,13,'15',99),(1515,60,'215','张丽',1,0,13,'15',99),(1516,60,'216','王兵',1,0,13,'2',99),(1517,60,'217','刘少坤',1,0,13,'2',99),(1518,60,'218','宋飞',1,0,13,'6',99),(1519,60,'219','张才华',1,0,13,'4',99),(1520,60,'220','王兵',1,0,13,'7',99),(1521,60,'221','段志群',1,0,13,'6',99),(1522,60,'222','宋飞',1,0,13,'5',99),(1523,60,'223','刘彦华',1,0,13,'4',99),(1524,60,'224',NULL,NULL,NULL,NULL,NULL,99),(1525,60,'225',NULL,NULL,NULL,NULL,NULL,99),(1526,60,'226',NULL,NULL,NULL,NULL,NULL,99),(1527,60,'227',NULL,NULL,NULL,NULL,NULL,99),(1528,60,'228',NULL,NULL,NULL,NULL,NULL,99),(1529,60,'229',NULL,NULL,NULL,NULL,NULL,99),(1530,60,'230',NULL,NULL,NULL,NULL,NULL,99),(1531,60,'231',NULL,NULL,NULL,NULL,NULL,99),(1532,60,'232',NULL,NULL,NULL,NULL,NULL,99),(1533,60,'233',NULL,NULL,NULL,NULL,NULL,99),(1534,60,'234',NULL,NULL,NULL,NULL,NULL,99),(1535,60,'235',NULL,NULL,NULL,NULL,NULL,99),(1536,60,'236',NULL,NULL,NULL,NULL,NULL,99),(1537,60,'237',NULL,NULL,NULL,NULL,NULL,99),(1538,60,'238',NULL,NULL,NULL,NULL,NULL,99),(1539,60,'239',NULL,NULL,NULL,NULL,NULL,99),(1540,60,'240',NULL,NULL,NULL,NULL,NULL,99),(1541,60,'241',NULL,NULL,NULL,NULL,NULL,99),(1542,60,'242',NULL,NULL,NULL,NULL,NULL,99),(1543,60,'243',NULL,NULL,NULL,NULL,NULL,99),(1544,60,'244',NULL,NULL,NULL,NULL,NULL,99),(1545,60,'245',NULL,NULL,NULL,NULL,NULL,99),(1546,60,'246',NULL,NULL,NULL,NULL,NULL,99),(1547,60,'247',NULL,NULL,NULL,NULL,NULL,99),(1548,60,'248',NULL,NULL,NULL,NULL,NULL,99),(1549,60,'249',NULL,NULL,NULL,NULL,NULL,99),(1550,60,'250',NULL,NULL,NULL,NULL,NULL,99),(1551,59,'1001','王兵',1,1,11,'1;2',96),(1552,59,'1002','段志群',1,1,11,'1;2',96),(1553,59,'1003','宋飞',1,1,11,'1;2',96),(1554,59,'1004','张才华',1,1,11,'1;2',96),(1555,59,'1005','姚田',1,1,11,'1;2',96),(1556,59,'1006','刘凯',1,1,11,'1',96),(1557,59,'1007','吴会政',0,1,12,'17',96),(1558,59,'1008','赵玲',0,1,12,'17',96),(1559,59,'1009','王兵',1,1,11,'10;12',96),(1560,59,'1010','张晓峰',1,1,11,'12;13',96),(1561,59,'1011','王兵',0,1,12,'18',96),(1562,59,'1012','段志群',0,1,12,'18',96),(1563,59,'1013','宋飞',0,1,12,'18',96),(1564,59,'1014','张才华',0,1,12,'18',96),(1565,59,'1015','姚田',0,1,12,'18',96),(1566,59,'1016','刘凯',0,1,12,'18',96),(1567,59,'1017','王兵',0,1,12,'19',96),(1568,59,'1018','张晓峰',0,1,12,'19',96),(1569,59,'1019','宫伟娅',0,1,12,'19',96),(1570,59,'1020','张才华',0,1,12,'19',96),(1571,59,'1021','姚田',0,1,12,'19',96),(1572,59,'1022',NULL,NULL,NULL,NULL,NULL,96),(1573,59,'1023',NULL,NULL,NULL,NULL,NULL,96),(1574,59,'1024',NULL,NULL,NULL,NULL,NULL,96),(1575,59,'1025',NULL,NULL,NULL,NULL,NULL,96),(1576,59,'1026',NULL,NULL,NULL,NULL,NULL,96),(1577,59,'1027',NULL,NULL,NULL,NULL,NULL,96),(1578,59,'1028',NULL,NULL,NULL,NULL,NULL,96),(1579,59,'1029',NULL,NULL,NULL,NULL,NULL,96),(1580,59,'1030',NULL,NULL,NULL,NULL,NULL,96),(1581,59,'1031',NULL,NULL,NULL,NULL,NULL,96),(1582,59,'1032',NULL,NULL,NULL,NULL,NULL,96),(1583,59,'1033',NULL,NULL,NULL,NULL,NULL,96),(1584,59,'1034',NULL,NULL,NULL,NULL,NULL,96),(1585,59,'1035',NULL,NULL,NULL,NULL,NULL,96),(1586,59,'1036',NULL,NULL,NULL,NULL,NULL,96),(1587,59,'1037',NULL,NULL,NULL,NULL,NULL,96),(1588,59,'1038',NULL,NULL,NULL,NULL,NULL,96),(1589,59,'1039',NULL,NULL,NULL,NULL,NULL,96),(1590,59,'1040',NULL,NULL,NULL,NULL,NULL,96),(1591,59,'1041',NULL,NULL,NULL,NULL,NULL,96),(1592,59,'1042',NULL,NULL,NULL,NULL,NULL,96),(1593,59,'1043',NULL,NULL,NULL,NULL,NULL,96),(1594,59,'1044',NULL,NULL,NULL,NULL,NULL,96),(1595,59,'1045',NULL,NULL,NULL,NULL,NULL,96),(1596,59,'1046',NULL,NULL,NULL,NULL,NULL,96),(1597,59,'1047',NULL,NULL,NULL,NULL,NULL,96),(1598,59,'1048',NULL,NULL,NULL,NULL,NULL,96),(1599,59,'1049',NULL,NULL,NULL,NULL,NULL,96),(1600,59,'1050',NULL,NULL,NULL,NULL,NULL,96),(1601,59,'1051',NULL,NULL,NULL,NULL,NULL,96),(1602,59,'1052',NULL,NULL,NULL,NULL,NULL,96),(1603,59,'1053',NULL,NULL,NULL,NULL,NULL,96),(1604,59,'1054',NULL,NULL,NULL,NULL,NULL,96),(1605,59,'1055',NULL,NULL,NULL,NULL,NULL,96),(1606,59,'1056',NULL,NULL,NULL,NULL,NULL,96),(1607,59,'1057',NULL,NULL,NULL,NULL,NULL,96),(1608,59,'1058',NULL,NULL,NULL,NULL,NULL,96),(1609,59,'1059',NULL,NULL,NULL,NULL,NULL,96),(1610,59,'1060',NULL,NULL,NULL,NULL,NULL,96),(1611,59,'1061',NULL,NULL,NULL,NULL,NULL,96),(1612,59,'1062',NULL,NULL,NULL,NULL,NULL,96),(1613,59,'1063',NULL,NULL,NULL,NULL,NULL,96),(1614,59,'1064',NULL,NULL,NULL,NULL,NULL,96),(1615,59,'1065',NULL,NULL,NULL,NULL,NULL,96),(1616,59,'1066',NULL,NULL,NULL,NULL,NULL,96),(1617,59,'1067',NULL,NULL,NULL,NULL,NULL,96),(1618,59,'1068',NULL,NULL,NULL,NULL,NULL,96),(1619,59,'1069',NULL,NULL,NULL,NULL,NULL,96),(1620,59,'1070',NULL,NULL,NULL,NULL,NULL,96),(1621,59,'1071',NULL,NULL,NULL,NULL,NULL,96),(1622,59,'1072',NULL,NULL,NULL,NULL,NULL,96),(1623,59,'1073',NULL,NULL,NULL,NULL,NULL,96),(1624,59,'1074',NULL,NULL,NULL,NULL,NULL,96),(1625,59,'1075',NULL,NULL,NULL,NULL,NULL,96),(1626,59,'1076',NULL,NULL,NULL,NULL,NULL,96),(1627,59,'1077',NULL,NULL,NULL,NULL,NULL,96),(1628,59,'1078',NULL,NULL,NULL,NULL,NULL,96),(1629,59,'1079',NULL,NULL,NULL,NULL,NULL,96),(1630,59,'1080',NULL,NULL,NULL,NULL,NULL,96),(1631,59,'1081',NULL,NULL,NULL,NULL,NULL,96),(1632,59,'1082',NULL,NULL,NULL,NULL,NULL,96),(1633,59,'1083',NULL,NULL,NULL,NULL,NULL,96),(1634,59,'1084',NULL,NULL,NULL,NULL,NULL,96),(1635,59,'1085',NULL,NULL,NULL,NULL,NULL,96),(1636,59,'1086',NULL,NULL,NULL,NULL,NULL,96),(1637,59,'1087',NULL,NULL,NULL,NULL,NULL,96),(1638,59,'1088',NULL,NULL,NULL,NULL,NULL,96),(1639,59,'1089',NULL,NULL,NULL,NULL,NULL,96),(1640,59,'1090',NULL,NULL,NULL,NULL,NULL,96),(1641,59,'1091',NULL,NULL,NULL,NULL,NULL,96),(1642,59,'1092',NULL,NULL,NULL,NULL,NULL,96),(1643,59,'1093',NULL,NULL,NULL,NULL,NULL,96),(1644,59,'1094',NULL,NULL,NULL,NULL,NULL,96),(1645,59,'1095',NULL,NULL,NULL,NULL,NULL,96),(1646,59,'1096',NULL,NULL,NULL,NULL,NULL,96),(1647,59,'1097',NULL,NULL,NULL,NULL,NULL,96),(1648,59,'1098',NULL,NULL,NULL,NULL,NULL,96),(1649,59,'1099',NULL,NULL,NULL,NULL,NULL,96),(1650,59,'1100',NULL,NULL,NULL,NULL,NULL,96),(1651,59,'1101',NULL,NULL,NULL,NULL,NULL,96),(1652,59,'1102',NULL,NULL,NULL,NULL,NULL,96),(1653,59,'1103',NULL,NULL,NULL,NULL,NULL,96),(1654,59,'1104',NULL,NULL,NULL,NULL,NULL,96),(1655,59,'1105',NULL,NULL,NULL,NULL,NULL,96),(1656,59,'1106',NULL,NULL,NULL,NULL,NULL,96),(1657,59,'1107',NULL,NULL,NULL,NULL,NULL,96),(1658,59,'1108',NULL,NULL,NULL,NULL,NULL,96),(1659,59,'1109',NULL,NULL,NULL,NULL,NULL,96),(1660,59,'1110',NULL,NULL,NULL,NULL,NULL,96),(1661,59,'1111',NULL,NULL,NULL,NULL,NULL,96),(1662,59,'1112',NULL,NULL,NULL,NULL,NULL,96),(1663,59,'1113',NULL,NULL,NULL,NULL,NULL,96),(1664,59,'1114',NULL,NULL,NULL,NULL,NULL,96),(1665,59,'1115',NULL,NULL,NULL,NULL,NULL,96),(1666,59,'1116',NULL,NULL,NULL,NULL,NULL,96),(1667,59,'1117',NULL,NULL,NULL,NULL,NULL,96),(1668,59,'1118',NULL,NULL,NULL,NULL,NULL,96),(1669,59,'1119',NULL,NULL,NULL,NULL,NULL,96),(1670,59,'1120',NULL,NULL,NULL,NULL,NULL,96),(1671,59,'1121',NULL,NULL,NULL,NULL,NULL,96),(1672,59,'1122',NULL,NULL,NULL,NULL,NULL,96),(1673,59,'1123',NULL,NULL,NULL,NULL,NULL,96),(1674,59,'1124',NULL,NULL,NULL,NULL,NULL,96),(1675,59,'1125',NULL,NULL,NULL,NULL,NULL,96),(1676,59,'1126',NULL,NULL,NULL,NULL,NULL,96),(1677,59,'1127',NULL,NULL,NULL,NULL,NULL,96),(1678,59,'1128',NULL,NULL,NULL,NULL,NULL,96),(1679,59,'1129',NULL,NULL,NULL,NULL,NULL,96),(1680,59,'1130',NULL,NULL,NULL,NULL,NULL,96),(1681,59,'1131',NULL,NULL,NULL,NULL,NULL,96),(1682,59,'1132',NULL,NULL,NULL,NULL,NULL,96),(1683,59,'1133',NULL,NULL,NULL,NULL,NULL,96),(1684,59,'1134',NULL,NULL,NULL,NULL,NULL,96),(1685,59,'1135',NULL,NULL,NULL,NULL,NULL,96),(1686,59,'1136',NULL,NULL,NULL,NULL,NULL,96),(1687,59,'1137',NULL,NULL,NULL,NULL,NULL,96),(1688,59,'1138',NULL,NULL,NULL,NULL,NULL,96),(1689,59,'1139',NULL,NULL,NULL,NULL,NULL,96),(1690,59,'1140',NULL,NULL,NULL,NULL,NULL,96),(1691,59,'1141',NULL,NULL,NULL,NULL,NULL,96),(1692,59,'1142',NULL,NULL,NULL,NULL,NULL,96),(1693,59,'1143',NULL,NULL,NULL,NULL,NULL,96),(1694,59,'1144',NULL,NULL,NULL,NULL,NULL,96),(1695,59,'1145',NULL,NULL,NULL,NULL,NULL,96),(1696,59,'1146',NULL,NULL,NULL,NULL,NULL,96),(1697,59,'1147',NULL,NULL,NULL,NULL,NULL,96),(1698,59,'1148',NULL,NULL,NULL,NULL,NULL,96),(1699,59,'1149',NULL,NULL,NULL,NULL,NULL,96),(1700,59,'1150',NULL,NULL,NULL,NULL,NULL,96),(1701,59,'1151',NULL,NULL,NULL,NULL,NULL,96),(1702,59,'1152',NULL,NULL,NULL,NULL,NULL,96),(1703,59,'1153',NULL,NULL,NULL,NULL,NULL,96),(1704,59,'1154',NULL,NULL,NULL,NULL,NULL,96),(1705,59,'1155',NULL,NULL,NULL,NULL,NULL,96),(1706,59,'1156',NULL,NULL,NULL,NULL,NULL,96),(1707,59,'1157',NULL,NULL,NULL,NULL,NULL,96),(1708,59,'1158',NULL,NULL,NULL,NULL,NULL,96),(1709,59,'1159',NULL,NULL,NULL,NULL,NULL,96),(1710,59,'1160',NULL,NULL,NULL,NULL,NULL,96),(1711,59,'1161',NULL,NULL,NULL,NULL,NULL,96),(1712,59,'1162',NULL,NULL,NULL,NULL,NULL,96),(1713,59,'1163',NULL,NULL,NULL,NULL,NULL,96),(1714,59,'1164',NULL,NULL,NULL,NULL,NULL,96),(1715,59,'1165',NULL,NULL,NULL,NULL,NULL,96),(1716,59,'1166',NULL,NULL,NULL,NULL,NULL,96),(1717,59,'1167',NULL,NULL,NULL,NULL,NULL,96),(1718,59,'1168',NULL,NULL,NULL,NULL,NULL,96),(1719,59,'1169',NULL,NULL,NULL,NULL,NULL,96),(1720,59,'1170',NULL,NULL,NULL,NULL,NULL,96),(1721,59,'1171',NULL,NULL,NULL,NULL,NULL,96),(1722,59,'1172',NULL,NULL,NULL,NULL,NULL,96),(1723,59,'1173',NULL,NULL,NULL,NULL,NULL,96),(1724,59,'1174',NULL,NULL,NULL,NULL,NULL,96),(1725,59,'1175',NULL,NULL,NULL,NULL,NULL,96),(1726,59,'1176',NULL,NULL,NULL,NULL,NULL,96),(1727,59,'1177',NULL,NULL,NULL,NULL,NULL,96),(1728,59,'1178',NULL,NULL,NULL,NULL,NULL,96),(1729,59,'1179',NULL,NULL,NULL,NULL,NULL,96),(1730,59,'1180',NULL,NULL,NULL,NULL,NULL,96),(1731,59,'1181',NULL,NULL,NULL,NULL,NULL,96),(1732,59,'1182',NULL,NULL,NULL,NULL,NULL,96),(1733,59,'1183',NULL,NULL,NULL,NULL,NULL,96),(1734,59,'1184',NULL,NULL,NULL,NULL,NULL,96),(1735,59,'1185',NULL,NULL,NULL,NULL,NULL,96),(1736,59,'1186',NULL,NULL,NULL,NULL,NULL,96),(1737,59,'1187',NULL,NULL,NULL,NULL,NULL,96),(1738,59,'1188',NULL,NULL,NULL,NULL,NULL,96),(1739,59,'1189',NULL,NULL,NULL,NULL,NULL,96),(1740,59,'1190',NULL,NULL,NULL,NULL,NULL,96),(1741,59,'1191',NULL,NULL,NULL,NULL,NULL,96),(1742,59,'1192',NULL,NULL,NULL,NULL,NULL,96),(1743,59,'1193',NULL,NULL,NULL,NULL,NULL,96),(1744,59,'1194',NULL,NULL,NULL,NULL,NULL,96),(1745,59,'1195',NULL,NULL,NULL,NULL,NULL,96),(1746,59,'1196',NULL,NULL,NULL,NULL,NULL,96),(1747,59,'1197',NULL,NULL,NULL,NULL,NULL,96),(1748,59,'1198',NULL,NULL,NULL,NULL,NULL,96),(1749,59,'1199',NULL,NULL,NULL,NULL,NULL,96),(1750,59,'1200',NULL,NULL,NULL,NULL,NULL,96),(1751,59,'1201',NULL,NULL,NULL,NULL,NULL,96),(1752,59,'1202',NULL,NULL,NULL,NULL,NULL,96),(1753,59,'1203',NULL,NULL,NULL,NULL,NULL,96),(1754,59,'1204',NULL,NULL,NULL,NULL,NULL,96),(1755,59,'1205',NULL,NULL,NULL,NULL,NULL,96),(1756,59,'1206',NULL,NULL,NULL,NULL,NULL,96),(1757,59,'1207',NULL,NULL,NULL,NULL,NULL,96),(1758,59,'1208',NULL,NULL,NULL,NULL,NULL,96),(1759,59,'1209',NULL,NULL,NULL,NULL,NULL,96),(1760,59,'1210',NULL,NULL,NULL,NULL,NULL,96),(1761,59,'1211',NULL,NULL,NULL,NULL,NULL,96),(1762,59,'1212',NULL,NULL,NULL,NULL,NULL,96),(1763,59,'1213',NULL,NULL,NULL,NULL,NULL,96),(1764,59,'1214',NULL,NULL,NULL,NULL,NULL,96),(1765,59,'1215',NULL,NULL,NULL,NULL,NULL,96),(1766,59,'1216',NULL,NULL,NULL,NULL,NULL,96),(1767,59,'1217',NULL,NULL,NULL,NULL,NULL,96),(1768,59,'1218',NULL,NULL,NULL,NULL,NULL,96),(1769,59,'1219',NULL,NULL,NULL,NULL,NULL,96),(1770,59,'1220',NULL,NULL,NULL,NULL,NULL,96),(1771,59,'1221',NULL,NULL,NULL,NULL,NULL,96),(1772,59,'1222',NULL,NULL,NULL,NULL,NULL,96),(1773,59,'1223',NULL,NULL,NULL,NULL,NULL,96),(1774,59,'1224',NULL,NULL,NULL,NULL,NULL,96),(1775,59,'1225',NULL,NULL,NULL,NULL,NULL,96),(1776,59,'1226',NULL,NULL,NULL,NULL,NULL,96),(1777,59,'1227',NULL,NULL,NULL,NULL,NULL,96),(1778,59,'1228',NULL,NULL,NULL,NULL,NULL,96),(1779,59,'1229',NULL,NULL,NULL,NULL,NULL,96),(1780,59,'1230',NULL,NULL,NULL,NULL,NULL,96),(1781,59,'1231',NULL,NULL,NULL,NULL,NULL,96),(1782,59,'1232',NULL,NULL,NULL,NULL,NULL,96),(1783,59,'1233',NULL,NULL,NULL,NULL,NULL,96),(1784,59,'1234',NULL,NULL,NULL,NULL,NULL,96),(1785,59,'1235',NULL,NULL,NULL,NULL,NULL,96),(1786,59,'1236',NULL,NULL,NULL,NULL,NULL,96),(1787,59,'1237',NULL,NULL,NULL,NULL,NULL,96),(1788,59,'1238',NULL,NULL,NULL,NULL,NULL,96),(1789,59,'1239',NULL,NULL,NULL,NULL,NULL,96),(1790,59,'1240',NULL,NULL,NULL,NULL,NULL,96),(1791,59,'1241',NULL,NULL,NULL,NULL,NULL,96),(1792,59,'1242',NULL,NULL,NULL,NULL,NULL,96),(1793,59,'1243',NULL,NULL,NULL,NULL,NULL,96),(1794,59,'1244',NULL,NULL,NULL,NULL,NULL,96),(1795,59,'1245',NULL,NULL,NULL,NULL,NULL,96),(1796,59,'1246',NULL,NULL,NULL,NULL,NULL,96),(1797,59,'1247',NULL,NULL,NULL,NULL,NULL,96),(1798,59,'1248',NULL,NULL,NULL,NULL,NULL,96),(1799,59,'1249',NULL,NULL,NULL,NULL,NULL,96),(1800,59,'1250',NULL,NULL,NULL,NULL,NULL,96),(1801,59,'151','丁江涛',1,0,13,'2',97),(1802,59,'152','张晓峰',1,0,13,'2',97),(1803,59,'153','李升',1,0,13,'2',97),(1804,59,'154','赵谦',1,0,13,'2',97),(1805,59,'155','吴运昌',1,0,13,'2',97),(1806,59,'156','王兵',0,0,14,'2',97),(1807,59,'157','刘少坤',1,0,13,'1',97),(1808,59,'158','宫伟娅',1,0,13,'2',97),(1809,59,'159','刘彦华',1,0,13,'1',97),(1810,59,'160','兰天',1,0,13,'5',97),(1811,59,'161','王兵',1,0,13,'7;15',97),(1812,59,'162','段志群',1,0,13,'7;15',97),(1813,59,'163','宋飞',1,0,13,'7;15',97),(1814,59,'164','张才华',1,0,13,'7;15',97),(1815,59,'165','姚田',1,0,13,'7;15',97),(1816,59,'166',NULL,NULL,NULL,NULL,NULL,97),(1817,59,'167',NULL,NULL,NULL,NULL,NULL,97),(1818,59,'168',NULL,NULL,NULL,NULL,NULL,97),(1819,59,'169',NULL,NULL,NULL,NULL,NULL,97),(1820,59,'170',NULL,NULL,NULL,NULL,NULL,97),(1821,59,'171',NULL,NULL,NULL,NULL,NULL,97),(1822,59,'172',NULL,NULL,NULL,NULL,NULL,97),(1823,59,'173',NULL,NULL,NULL,NULL,NULL,97),(1824,59,'174',NULL,NULL,NULL,NULL,NULL,97),(1825,59,'175',NULL,NULL,NULL,NULL,NULL,97),(1826,59,'176',NULL,NULL,NULL,NULL,NULL,97),(1827,59,'177',NULL,NULL,NULL,NULL,NULL,97),(1828,59,'178',NULL,NULL,NULL,NULL,NULL,97),(1829,59,'179',NULL,NULL,NULL,NULL,NULL,97),(1830,59,'180',NULL,NULL,NULL,NULL,NULL,97),(1831,59,'181',NULL,NULL,NULL,NULL,NULL,97),(1832,59,'182',NULL,NULL,NULL,NULL,NULL,97),(1833,59,'183',NULL,NULL,NULL,NULL,NULL,97),(1834,59,'184',NULL,NULL,NULL,NULL,NULL,97),(1835,59,'185',NULL,NULL,NULL,NULL,NULL,97),(1836,59,'186',NULL,NULL,NULL,NULL,NULL,97),(1837,59,'187',NULL,NULL,NULL,NULL,NULL,97),(1838,59,'188',NULL,NULL,NULL,NULL,NULL,97),(1839,59,'189',NULL,NULL,NULL,NULL,NULL,97),(1840,59,'190',NULL,NULL,NULL,NULL,NULL,97),(1841,59,'191',NULL,NULL,NULL,NULL,NULL,97),(1842,59,'192',NULL,NULL,NULL,NULL,NULL,97),(1843,59,'193',NULL,NULL,NULL,NULL,NULL,97),(1844,59,'194',NULL,NULL,NULL,NULL,NULL,97),(1845,59,'195',NULL,NULL,NULL,NULL,NULL,97),(1846,59,'196',NULL,NULL,NULL,NULL,NULL,97),(1847,59,'197',NULL,NULL,NULL,NULL,NULL,97),(1848,59,'198',NULL,NULL,NULL,NULL,NULL,97),(1849,59,'199',NULL,NULL,NULL,NULL,NULL,97),(1850,59,'200',NULL,NULL,NULL,NULL,NULL,97);

/*Table structure for table `t_playernum` */

DROP TABLE IF EXISTS `t_playernum`;

CREATE TABLE `t_playernum` (
  `id` int(11) NOT NULL AUTO_INCREMENT,
  `sp2dpid` int(11) NOT NULL COMMENT '运动会2部门表id sports2department',
  `beginnum` varchar(4) DEFAULT NULL COMMENT '起始号码',
  `endnum` varchar(4) DEFAULT NULL,
  `numtype` tinyint(1) DEFAULT NULL COMMENT '号码类型：true学生；false教工',
  PRIMARY KEY (`id`)
) ENGINE=InnoDB AUTO_INCREMENT=115 DEFAULT CHARSET=utf8 COMMENT='运动员号码分布表';

/*Data for the table `t_playernum` */

insert  into `t_playernum`(`id`,`sp2dpid`,`beginnum`,`endnum`,`numtype`) values (74,44,'101','140',0),(75,45,'1001','1250',1),(76,45,'141','180',0),(77,46,'1251','1500',1),(78,46,'181','220',0),(79,47,'1501','1750',1),(80,47,'221','260',0),(81,48,'261','300',0),(82,49,'1751','2000',1),(83,49,'301','340',0),(84,50,'2001','2250',1),(85,50,'341','380',0),(86,51,'2251','2500',1),(87,51,'381','420',0),(88,52,'2501','2750',1),(89,52,'421','460',0),(90,53,'461','500',0),(91,54,'501','540',0),(92,55,'541','580',0),(93,56,'581','620',0),(94,57,'621','660',0),(95,58,'101','150',0),(96,59,'1001','1250',1),(97,59,'151','200',0),(98,60,'1251','1500',1),(99,60,'201','250',0),(100,61,'1501','1750',1),(101,61,'251','300',0),(102,62,'301','350',0),(103,63,'1751','2000',1),(104,63,'351','400',0),(105,64,'2001','2250',1),(106,64,'401','450',0),(107,65,'2251','2500',1),(108,65,'451','500',0),(109,66,'2501','2750',1),(110,66,'501','550',0),(111,67,'551','600',0),(112,68,'601','650',0),(113,69,'651','700',0),(114,70,'701','750',0);

/*Table structure for table `t_position` */

DROP TABLE IF EXISTS `t_position`;

CREATE TABLE `t_position` (
  `id` int(11) NOT NULL AUTO_INCREMENT,
  `finalitemid` int(11) DEFAULT NULL COMMENT '具体组别id',
  `playerid` int(11) DEFAULT NULL COMMENT '当比赛是正常项目时，是运动员id；当比赛是接力赛时，存放的是departid',
  `position` int(11) DEFAULT NULL COMMENT '名次',
  `score` varchar(50) DEFAULT NULL COMMENT '成绩：几分几秒或多少米',
  `marks` int(11) DEFAULT '0' COMMENT '每人的积分',
  PRIMARY KEY (`id`)
) ENGINE=InnoDB AUTO_INCREMENT=257 DEFAULT CHARSET=utf8 COMMENT='比赛名次表';

/*Data for the table `t_position` */

insert  into `t_position`(`id`,`finalitemid`,`playerid`,`position`,`score`,`marks`) values (237,395,1556,1,'10.00',0),(238,395,1254,2,'10.22',0),(239,395,1553,3,'11.11',0),(240,395,1257,4,'12.22',0),(241,395,1552,5,'13.44',0),(242,395,1551,6,'23.45',0),(243,395,1255,7,'34.21',0),(244,395,1253,8,'41.33',0),(245,395,1251,9,'41.76',0),(246,395,1555,10,'43.55',0),(247,395,1554,11,'54.23',0),(248,395,1256,12,'56.77',0),(249,396,1253,1,'10.11',8),(250,396,1552,2,'10.34',0),(251,396,1551,3,'12.21',0),(252,396,1257,4,'12.32',0),(253,396,1254,5,'13.41',0),(254,396,1556,6,'15.32',0),(255,396,1553,7,'16.32',0),(256,396,1255,8,'23.31',0);

/*Table structure for table `t_record` */

DROP TABLE IF EXISTS `t_record`;

CREATE TABLE `t_record` (
  `id` int(11) NOT NULL AUTO_INCREMENT,
  `itemid` int(11) NOT NULL COMMENT '项目id',
  `sex` tinyint(1) DEFAULT NULL COMMENT 'true男；false女',
  `score` varchar(50) DEFAULT NULL COMMENT '成绩',
  `playerid` int(11) DEFAULT NULL COMMENT '运动员id',
  `playername` varchar(10) DEFAULT NULL COMMENT '运动员姓名',
  `departname` varchar(50) DEFAULT NULL COMMENT '系别',
  `sportsname` varchar(50) DEFAULT NULL COMMENT '运动会名称',
  `recordtime` varchar(10) DEFAULT NULL COMMENT '破记录时间',
  `recordlevel` varchar(2) DEFAULT NULL COMMENT '记录级别：0院级；1省级',
  PRIMARY KEY (`id`)
) ENGINE=InnoDB AUTO_INCREMENT=63 DEFAULT CHARSET=utf8 COMMENT='竞赛记录表';

/*Data for the table `t_record` */

insert  into `t_record`(`id`,`itemid`,`sex`,`score`,`playerid`,`playername`,`departname`,`sportsname`,`recordtime`,`recordlevel`) values (0,1,1,'11.15',NULL,'王震','环化系','省15届','2008-05','1'),(2,4,1,'23.88',NULL,'王震','环化系','院9届','2007-11','0'),(3,5,1,'52.16',NULL,'夏程贵','环化系','省15届','2008-05','1'),(4,6,1,'2.02.61',NULL,'夏程贵','环化系','省15届','2008-05','1'),(5,7,1,'4.22.41',NULL,'隋秀超','法经系','省13届','2004-06','1'),(6,15,1,'17.20.52',NULL,'隋秀超','法经系','省13届','2004-06','1'),(7,3,1,'17.56',NULL,'薛秀超','法经系','院12届','2011-04','0'),(8,8,1,'59.92',NULL,'张岩','自动化','省12届','2002-05','1'),(9,9,1,'1.74',NULL,'杨志军','材料系','院11届','2010-04','0'),(10,2,1,'6.40',NULL,'刘东良','自动化','院9届','2007-11','0'),(11,10,1,'12.54',NULL,'刘东良','自动化','院10届','2008-10','0'),(12,11,1,'11.32',NULL,'王克','材料系','院10届','2008-10','0'),(13,12,1,'31.85',NULL,'刘言言','材料系','院6届','2004-11','0'),(14,13,1,'41.84',NULL,'张坤良','建筑系','省16届','2010-04','1'),(15,14,1,'45.67',NULL,' ',' ','省15届','2008-05','1'),(16,16,1,'3.48.16',NULL,' ','自动化','院5届','2003.11','0'),(18,1,0,'13.63',NULL,'杨洁','机电系','省13届','2004-06','1'),(19,4,0,'28.50',NULL,'路小静','法经系','省13届','2004-06','1'),(20,5,0,'1.05.05',NULL,'杨晶晶','法经系','省13届','2004-06','1'),(21,6,0,'2.34.89',NULL,'王芳','法经系','省15届','2008-05','1'),(22,7,0,'6.26.46',NULL,'王子净','环化系','院1届','1999-01','0'),(23,18,0,'13.53.86',NULL,'李英男','自动化','院12届','2011-04','0'),(24,8,0,'1.14.81',NULL,'陈海霞','法经系','省13届','2004-06','1'),(25,3,0,'19.15',NULL,'陈海霞','法经系','省13届','2004-06','1'),(26,9,0,'1.33',NULL,'陈秀颖','机电系','省12届','2002-05','1'),(27,11,0,'9.98',NULL,'路小静','法经系','院6届','2004-11','0'),(28,12,0,'26.80',NULL,'刘建平','机电系','省12届','2002-05','1'),(29,13,0,'21.50',NULL,'陈秀颖','机电系','省12届','2002-05','1'),(30,14,0,'56.58',NULL,' ','法经系','省15届','2008-05','1'),(31,16,0,'5.11.53',NULL,' ','法经系','院6届','2004-10','0'),(32,2,0,'4.40',NULL,'王芳','法经系','省13届','2004-06','1'),(33,10,0,'9.32',NULL,'王美','建筑系','省15届','2008-05','1'),(34,2,1,'9.99',NULL,'程子云','机电工程系','第十三届田径运动会','2012-11','0'),(35,2,1,'9.12',NULL,'刘松涛','材料工程系','第十三届田径运动会','2012-11','0'),(36,2,1,'6.45',NULL,'吕乐','机电工程系','第十三届田径运动会','2012-11','0'),(37,12,1,'44.00',NULL,'石彦杰','计算机技术系','第十三届田径运动会','2012-11','0'),(38,12,1,'33.00',NULL,'左少旭','计算机技术系','第十三届田径运动会','2012-11','0'),(39,12,1,'33.00',NULL,'刘骥','计算机技术系','第十三届田径运动会','2012-11','0'),(58,1,1,'10.11',1204,'3333333','材料工程系','第十三届田径运动会','2012-11','1'),(59,1,1,'10.95',1211,'aaa','材料工程系','第十三届田径运动会','2012-11','1'),(60,1,1,'12.10',57,'方华','计算机技术系','第十三届田径运动会','2012-11','1'),(61,1,1,'10.22',NULL,'NEWman','计算机系','省10届','2011-01','1'),(62,1,0,'11.00',NULL,'阿呆','啥子','第12届','2012-08','0');

/*Table structure for table `t_rule` */

DROP TABLE IF EXISTS `t_rule`;

CREATE TABLE `t_rule` (
  `id` int(11) NOT NULL AUTO_INCREMENT,
  `sportsid` int(11) NOT NULL COMMENT '运动会id',
  `position` int(11) DEFAULT NULL COMMENT '名次：默认8',
  `mark` varchar(50) DEFAULT NULL COMMENT '积分：中间用,隔开，如：9,7,6,5,4,3,2,1',
  `recordmark_low` int(11) DEFAULT NULL COMMENT '破院记录的加分数，默认9',
  `recordmark_high` int(11) DEFAULT NULL COMMENT '破省记录的加分数',
  `perman` int(11) DEFAULT NULL COMMENT '每系每个运动员限报数量（接力除外）',
  `perdepartment` int(11) DEFAULT NULL COMMENT '每项每个系部单位限报数量',
  PRIMARY KEY (`id`)
) ENGINE=InnoDB AUTO_INCREMENT=12 DEFAULT CHARSET=utf8 COMMENT='大赛规则';

/*Data for the table `t_rule` */

insert  into `t_rule`(`id`,`sportsid`,`position`,`mark`,`recordmark_low`,`recordmark_high`,`perman`,`perdepartment`) values (10,14,8,'9,7,6,5,4,3,2,1',9,18,2,6),(11,15,8,'9,7,6,5,4,3,2,1',9,18,2,6);

/*Table structure for table `t_scoreformat` */

DROP TABLE IF EXISTS `t_scoreformat`;

CREATE TABLE `t_scoreformat` (
  `id` int(11) NOT NULL AUTO_INCREMENT,
  `format` varchar(255) DEFAULT NULL,
  `reg` varchar(50) DEFAULT NULL,
  `memo` varchar(255) DEFAULT NULL,
  PRIMARY KEY (`id`)
) ENGINE=InnoDB AUTO_INCREMENT=11 DEFAULT CHARSET=utf8;

/*Data for the table `t_scoreformat` */

insert  into `t_scoreformat`(`id`,`format`,`reg`,`memo`) values (1,'##.##(##秒##)','/^[1-5]?\\d\\.\\d\\d$/','0秒00--59秒99'),(2,'#.##.##(#分##秒##)','/^[1-9]?\\.?[1-5]\\d\\.\\d\\d$/','0分0秒00--9分59秒99'),(3,'##.##.##(##分##秒##)','/^[1-5]?\\d\\.[1-5]\\d\\.\\d\\d$/','00分00秒00--59分59秒99'),(4,'#.##(#米##)','/^[1-2]\\.\\d\\d$/','00米00--2米99'),(5,'#.##(#米##)','/^[4-9]\\.\\d\\d$/','00米00--9米99'),(6,'##.##(##米##)','/^[1-2]?\\d\\.\\d\\d$/','00米00--29米99'),(7,'##.##(##米##)','/^[1-7]\\d\\.\\d\\d$/','00米00--79米99'),(9,'##.##(##米##)','/^\\d\\d\\.\\d\\d$/','00米00--99米99'),(10,'##.##.##(##小时##分##秒)','/^[1-2]?\\d\\.[1-5]\\d\\.[1-5]\\d\\$/','00小时00分00秒--23小时59分59秒');

/*Table structure for table `t_sports` */

DROP TABLE IF EXISTS `t_sports`;

CREATE TABLE `t_sports` (
  `id` int(11) NOT NULL AUTO_INCREMENT,
  `sportsname` varchar(50) NOT NULL COMMENT '运动会名称',
  `sportsbegin` varchar(10) NOT NULL COMMENT '起始日期',
  `sportsend` varchar(10) NOT NULL COMMENT '结束日期',
  `registend` varchar(10) NOT NULL COMMENT '报名截止日期',
  `address` varchar(50) NOT NULL COMMENT '大会地点',
  `current` tinyint(1) NOT NULL COMMENT '是否当前运动会',
  PRIMARY KEY (`id`)
) ENGINE=InnoDB AUTO_INCREMENT=16 DEFAULT CHARSET=utf8 COMMENT='运动会表';

/*Data for the table `t_sports` */

insert  into `t_sports`(`id`,`sportsname`,`sportsbegin`,`sportsend`,`registend`,`address`,`current`) values (14,'第十三届田径运动会','2012-11-20','2012-11-21','2012-10-31','学院田径场（南校区）',0),(15,'第十五届运动会','2013-01-01','2013-01-31','2012-10-01','风雨操场',1);

/*Table structure for table `t_sports2department` */

DROP TABLE IF EXISTS `t_sports2department`;

CREATE TABLE `t_sports2department` (
  `id` int(11) NOT NULL AUTO_INCREMENT,
  `sportsid` int(11) NOT NULL COMMENT '运动会id',
  `departid` int(11) NOT NULL COMMENT '部门id',
  `teamleader` varchar(50) DEFAULT NULL COMMENT '领队',
  `coach` varchar(50) DEFAULT NULL COMMENT '教练',
  `doctor` varchar(50) DEFAULT NULL COMMENT '队医',
  PRIMARY KEY (`id`)
) ENGINE=InnoDB AUTO_INCREMENT=71 DEFAULT CHARSET=utf8 COMMENT='运动会与部门对应表';

/*Data for the table `t_sports2department` */

insert  into `t_sports2department`(`id`,`sportsid`,`departid`,`teamleader`,`coach`,`doctor`) values (44,14,1,'石彦杰','李卉','赵倩'),(45,14,2,'程子云','张燕','姚召宇'),(46,14,3,'吕志瑶','袁仕杰','韩鑫鹏'),(47,14,4,NULL,NULL,NULL),(48,14,5,NULL,NULL,NULL),(49,14,6,'陈浩','李文龙,李丽','李栓'),(50,14,7,NULL,NULL,NULL),(51,14,8,NULL,NULL,NULL),(52,14,9,NULL,NULL,NULL),(53,14,11,NULL,NULL,NULL),(54,14,12,'王冰','宋飞','张丽'),(55,14,13,NULL,NULL,NULL),(56,14,14,NULL,NULL,NULL),(57,14,15,NULL,NULL,NULL),(58,15,1,NULL,NULL,NULL),(59,15,2,NULL,NULL,NULL),(60,15,3,NULL,NULL,NULL),(61,15,4,NULL,NULL,NULL),(62,15,5,NULL,NULL,NULL),(63,15,6,NULL,NULL,NULL),(64,15,7,NULL,NULL,NULL),(65,15,8,NULL,NULL,NULL),(66,15,9,NULL,NULL,NULL),(67,15,11,NULL,NULL,NULL),(68,15,12,NULL,NULL,NULL),(69,15,13,NULL,NULL,NULL),(70,15,14,NULL,NULL,NULL);

/*Table structure for table `t_stujudge` */

DROP TABLE IF EXISTS `t_stujudge`;

CREATE TABLE `t_stujudge` (
  `id` int(11) NOT NULL AUTO_INCREMENT,
  `sp2dpid` int(11) NOT NULL COMMENT '运动会与部门关系id sports2department',
  `contact` varchar(20) DEFAULT NULL COMMENT '联系人姓名',
  `tel` varchar(50) DEFAULT NULL COMMENT '联系电话',
  `member` text COMMENT '裁判成员',
  PRIMARY KEY (`id`)
) ENGINE=InnoDB AUTO_INCREMENT=8 DEFAULT CHARSET=utf8 COMMENT='学生裁判表';

/*Data for the table `t_stujudge` */

insert  into `t_stujudge`(`id`,`sp2dpid`,`contact`,`tel`,`member`) values (1,45,'李强龙','15031165252','乔向杰,李贺阳,温美超,李佳奇,胡张龙,廉森圭,杨少华,杨吉凯,刘鑫,王聪,刘壮壮,张雷'),(2,46,'杨柳楠,常胜','15081136480','周雨,王亚辉,纪腾飞,安晓航,田林,刘炜达,闫立业,王龙帅,刘明,黄发臻,曹美佳,李文博'),(3,47,'韩鑫鹏','123585888','郑向阳,王国雷,高亚东,张海盛,刘洪涛,陈博文,崔学坡,袁明超,车洪星,付林涛,李旭峰,张长松'),(4,49,'田伟','18733138408','张康,关宇飞,李发,王鹏,刘剑楠,吴宇伦,田伟,王洪鹏,闫路毅,闫江涛,张雷,刘坤坤'),(5,50,'李洪宾','13831137727','王群涛,张泽记,王朝鹏,李爱全,周伦,段江旭,周世安,李铁连,刘学朴,李扬,薛春,张亚飞,李晓军,石孟,王丽娜'),(6,51,'王惠娟','85239002','路志涛,宋星旭,祈学苍,原一弋,张胜胜,孙伟灿,孔星,倪克强,刘路路,刘剑锋,付玉龙,张开'),(7,52,'赵策','13832173593','唐亮,魏飞龙,孟德广,邵卿雨,韩志远,李彪,张永超,陈永樟,曹永发,纪群,汪永开,丁岩');

/*Table structure for table `t_sysadmin` */

DROP TABLE IF EXISTS `t_sysadmin`;

CREATE TABLE `t_sysadmin` (
  `id` int(11) NOT NULL AUTO_INCREMENT,
  `username` varchar(50) NOT NULL COMMENT '用户名',
  `password` varchar(255) NOT NULL COMMENT '密码',
  `userright` int(11) NOT NULL COMMENT '用户权限',
  `realname` varchar(50) NOT NULL COMMENT '用户真实姓名',
  `departid` int(11) NOT NULL COMMENT '单位id。各部门报名账号的departid应对应t_department表的id，管理员和裁判员不对应。',
  PRIMARY KEY (`id`),
  KEY `FK_department2sysadmin` (`departid`),
  CONSTRAINT `FK_department2sysadmin` FOREIGN KEY (`departid`) REFERENCES `t_department` (`id`)
) ENGINE=InnoDB AUTO_INCREMENT=20 DEFAULT CHARSET=utf8 COMMENT='账号表';

/*Data for the table `t_sysadmin` */

insert  into `t_sysadmin`(`id`,`username`,`password`,`userright`,`realname`,`departid`) values (2,'admin','96e79218965eb72c92a549dd5a330112',31,'系统管理员',1),(5,'jsj','96e79218965eb72c92a549dd5a330112',16,'计算机系',2),(6,'clx','96e79218965eb72c92a549dd5a330112',16,'材料系',3),(8,'jdx','96e79218965eb72c92a549dd5a330112',16,'机电系',4),(9,'hq','96e79218965eb72c92a549dd5a330112',16,'后勤',5),(10,'hhx','96e79218965eb72c92a549dd5a330112',16,'环化',8),(11,'zdh','96e79218965eb72c92a549dd5a330112',16,'自动化',9),(12,'jgx','96e79218965eb72c92a549dd5a330112',16,'建工',6),(13,'gmx','96e79218965eb72c92a549dd5a330112',16,'工贸',7),(14,'jg1','96e79218965eb72c92a549dd5a330112',16,'机关一',12),(15,'jg2','96e79218965eb72c92a549dd5a330112',16,'机关二',13),(16,'jg3','96e79218965eb72c92a549dd5a330112',16,'机关三',14),(17,'jg4','96e79218965eb72c92a549dd5a330112',16,'机关四',15),(18,'jcb','96e79218965eb72c92a549dd5a330112',16,'基础部',11),(19,'cp1','96e79218965eb72c92a549dd5a330112',8,'裁判1',1);

/* Trigger structure for table `t_finalitem` */

DELIMITER $$

/*!50003 DROP TRIGGER*//*!50032 IF EXISTS */ /*!50003 `DelT_finalitem` */$$

/*!50003 CREATE */ /*!50017 DEFINER = 'root'@'localhost' */ /*!50003 TRIGGER `DelT_finalitem` AFTER DELETE ON `t_finalitem` FOR EACH ROW BEGIN
	DELETE FROM t_position WHERE finalitemid=OLD.id;
	DELETE FROM t_match WHERE finalitemid=OLD.id;
END */$$


DELIMITER ;

/* Trigger structure for table `t_group2item` */

DELIMITER $$

/*!50003 DROP TRIGGER*//*!50032 IF EXISTS */ /*!50003 `DelT_group2item` */$$

/*!50003 CREATE */ /*!50017 DEFINER = 'root'@'localhost' */ /*!50003 TRIGGER `DelT_group2item` AFTER DELETE ON `t_group2item` FOR EACH ROW BEGIN
	DELETE FROM t_fieldjudge WHERE gp2itid=OLD.id;
	DELETE FROM t_finalitem WHERE gp2itid=OLD.id;
	
END */$$


DELIMITER ;

/* Trigger structure for table `t_group2sports` */

DELIMITER $$

/*!50003 DROP TRIGGER*//*!50032 IF EXISTS */ /*!50003 `DelT_group2sports` */$$

/*!50003 CREATE */ /*!50017 DEFINER = 'root'@'localhost' */ /*!50003 TRIGGER `DelT_group2sports` AFTER DELETE ON `t_group2sports` FOR EACH ROW BEGIN
	DELETE FROM t_group2item WHERE t_group2item.gp2spid=OLD.id;
	DELETE FROM t_player WHERE t_player.groupid=OLD.groupid and t_player.sp2dpid 
	in (SELECT t_sports2department.id from t_sports2department where t_sports2department.sportsid=old.sportsid);
END */$$


DELIMITER ;

/* Trigger structure for table `t_player` */

DELIMITER $$

/*!50003 DROP TRIGGER*//*!50032 IF EXISTS */ /*!50003 `DelT_player` */$$

/*!50003 CREATE */ /*!50017 DEFINER = 'root'@'localhost' */ /*!50003 TRIGGER `DelT_player` AFTER DELETE ON `t_player` FOR EACH ROW BEGIN
	DELETE FROM t_position WHERE playerid=OLD.id;
	DELETE FROM t_match WHERE playerid=OLD.id;
END */$$


DELIMITER ;

/* Trigger structure for table `t_sports` */

DELIMITER $$

/*!50003 DROP TRIGGER*//*!50032 IF EXISTS */ /*!50003 `AddT_rule` */$$

/*!50003 CREATE */ /*!50017 DEFINER = 'root'@'%' */ /*!50003 TRIGGER `AddT_rule` AFTER INSERT ON `t_sports` FOR EACH ROW BEGIN
INSERT INTO t_rule (sportsid,POSITION,mark,recordmark_low,recordmark_high,perman,perdepartment) VALUES (new.id,8,'9,7,6,5,4,3,2,1',9,18,2,6);
END */$$


DELIMITER ;

/* Trigger structure for table `t_sports` */

DELIMITER $$

/*!50003 DROP TRIGGER*//*!50032 IF EXISTS */ /*!50003 `DelT_sports` */$$

/*!50003 CREATE */ /*!50017 DEFINER = 'root'@'localhost' */ /*!50003 TRIGGER `DelT_sports` AFTER DELETE ON `t_sports` FOR EACH ROW BEGIN
	DELETE FROM t_rule WHERE sportsid=old.id;
	DELETE FROM t_official WHERE t_official.sportsid = old.id;
	DELETE FROM t_sports2department WHERE t_sports2department.sportsid = old.id;
	DELETE FROM t_group2sports WHERE t_group2sports.sportsid = OLD.id;
END */$$


DELIMITER ;

/* Trigger structure for table `t_sports2department` */

DELIMITER $$

/*!50003 DROP TRIGGER*//*!50032 IF EXISTS */ /*!50003 `DelT_sports2department` */$$

/*!50003 CREATE */ /*!50017 DEFINER = 'root'@'localhost' */ /*!50003 TRIGGER `DelT_sports2department` AFTER DELETE ON `t_sports2department` FOR EACH ROW BEGIN
	DELETE FROM t_mark WHERE sp2dpid=OLD.id;
	DELETE FROM t_player WHERE sp2dpid=OLD.id;
	DELETE FROM t_playernum WHERE sp2dpid=OLD.id;
	DELETE FROM t_stujudge WHERE sp2dpid=OLD.id;
	DELETE FROM t_match WHERE playerid=OLD.departid and finalitemid 
	in (select t_finalitem.id from t_finalitem,t_group2item where t_finalitem.sportsid=old.sportsid and t_group2item.id=t_finalitem.gp2itid and t_group2item.itemid in (select t_item.id from t_item where t_item.itemtype=3));	
	DELETE FROM t_position WHERE playerid=OLD.departid AND finalitemid 
	IN (SELECT t_finalitem.id FROM t_finalitem,t_group2item WHERE t_finalitem.sportsid=old.sportsid AND t_group2item.id=t_finalitem.gp2itid AND t_group2item.itemid IN (SELECT t_item.id FROM t_item WHERE t_item.itemtype=3));	
END */$$


DELIMITER ;

/*!40101 SET SQL_MODE=@OLD_SQL_MODE */;
/*!40014 SET FOREIGN_KEY_CHECKS=@OLD_FOREIGN_KEY_CHECKS */;
/*!40014 SET UNIQUE_CHECKS=@OLD_UNIQUE_CHECKS */;
/*!40111 SET SQL_NOTES=@OLD_SQL_NOTES */;
